CODIGO,DESCRIPCION,ENTRADAS,SALIDAS,SALDO,,CODIGO,DESCRIPCION,FECHA ,CANTIDAD,,CODIGO,DESCRIPCION,FECHA,CANTIDAD
HYTQ0001,HYUNDAI SANTA FE 73 ENT RAYADO,2,0,2,,HYTQ0001,HYUNDAI SANTA FE 73 ENT RAYADO,,2,,HYTQ0001,HYUNDAI SANTA FE 73 ENT RAYADO,,
HYTQ0002,HYUNDAI SANTA FE 73. SAL RAYADO,5,0,5,,HYTQ0002,HYUNDAI SANTA FE 73. SAL RAYADO,,5,,HYTQ0002,HYUNDAI SANTA FE 73. SAL RAYADO,,
HYTQ0003,HYUNDAI SANTA FE  76 SAL RAYADO,1,0,1,,HYTQ0003,HYUNDAI SANTA FE  76 SAL RAYADO,,1,,HYTQ0003,HYUNDAI SANTA FE  76 SAL RAYADO,,
HYTQ0004,HYUNDAI GRANDIS ENT,4,0,4,,HYTQ0004,HYUNDAI GRANDIS ENT,,4,,HYTQ0004,HYUNDAI GRANDIS ENT,,
HYTQ0005,HYUNDAI VERACRUZ ENT,15,0,15,,HYTQ0005,HYUNDAI VERACRUZ ENT,,15,,HYTQ0005,HYUNDAI VERACRUZ ENT,,
HYTQ0006,HYUNDAI VERACRUZ. SAL,6,0,6,,HYTQ0006,HYUNDAI VERACRUZ. SAL,,6,,HYTQ0006,HYUNDAI VERACRUZ. SAL,,
HYTQ0007,HYUNDAI H1 . SAL ,1,0,1,,HYTQ0007,HYUNDAI H1 . SAL ,,1,,HYTQ0007,HYUNDAI H1 . SAL ,,
HYTQ0008,HYUNDAI MATRIX SAL,3,0,3,,HYTQ0008,HYUNDAI MATRIX SAL,,3,,HYTQ0008,HYUNDAI MATRIX SAL,,
HYTQ0009,HYUNDAI MATRIX ENT,10,0,10,,HYTQ0009,HYUNDAI MATRIX ENT,,10,,HYTQ0009,HYUNDAI MATRIX ENT,,
HYTQ0010,HYUNDAI ACCENT ENT ,10,0,10,,HYTQ0010,HYUNDAI ACCENT ENT ,,10,,HYTQ0010,HYUNDAI ACCENT ENT ,,
HYTQ0011,HYUNDAI ACCENT SAL,4,0,4,,HYTQ0011,HYUNDAI ACCENT SAL,,4,,HYTQ0011,HYUNDAI ACCENT SAL,,
HYTQ0012,HYUNDAI ELANTRA ENT / SONATA,4,0,4,,HYTQ0012,HYUNDAI ELANTRA ENT / SONATA,,4,,HYTQ0012,HYUNDAI ELANTRA ENT / SONATA,,
HYTQ0013,HYUNDAI ELENTRA ENT 00-001,7,0,7,,HYTQ0013,HYUNDAI ELENTRA ENT 00-001,,7,,HYTQ0013,HYUNDAI ELENTRA ENT 00-001,,
HYTQ0014,HYUNDAI ELANTRA .SAL 63cm,4,0,4,,HYTQ0014,HYUNDAI ELANTRA .SAL 63cm,,4,,HYTQ0014,HYUNDAI ELANTRA .SAL 63cm,,
HYTQ0015,HYUNDAI ELANTRA. SAL 68cm,8,0,8,,HYTQ0015,HYUNDAI ELANTRA. SAL 68cm,,8,,HYTQ0015,HYUNDAI ELANTRA. SAL 68cm,,
HYTQ0016,HYUNDAI ELANTRA SAL 67 cm,14,0,14,,HYTQ0016,HYUNDAI ELANTRA SAL 67 cm,,14,,HYTQ0016,HYUNDAI ELANTRA SAL 67 cm,,
HYTQ0017,HYUNDAI H-1 2.5 ENT ,3,0,3,,HYTQ0017,HYUNDAI H-1 2.5 ENT ,,3,,HYTQ0017,HYUNDAI H-1 2.5 ENT ,,
HYTQ0018,HYUNDAI H1 2.5 SAL,1,0,1,,HYTQ0018,HYUNDAI H1 2.5 SAL,,1,,HYTQ0018,HYUNDAI H1 2.5 SAL,,
HYTQ0019,HYUNDAI SONATA 2.5 /2.4/2.2 ENT GRUESO RAYADO,7,0,7,,HYTQ0019,HYUNDAI SONATA 2.5 /2.4/2.2 ENT GRUESO RAYADO,,7,,HYTQ0019,HYUNDAI SONATA 2.5 /2.4/2.2 ENT GRUESO RAYADO,,
HYTQ0020,HYUNDAI SONATA 92-94 GRUESO SAL,4,0,4,,HYTQ0020,HYUNDAI SONATA 92-94 GRUESO SAL,,4,,HYTQ0020,HYUNDAI SONATA 92-94 GRUESO SAL,,
HYTQ0021,HYUNDAI ENT BOQUETON AFUERA 67 /69/ 70,21,0,21,,HYTQ0021,HYUNDAI ENT BOQUETON AFUERA 67 /69/ 70,,21,,HYTQ0021,HYUNDAI ENT BOQUETON AFUERA 67 /69/ 70,,
HYTQ0022,HYUNDAI GETZ DE SAL,11,0,11,,HYTQ0022,HYUNDAI GETZ DE SAL,,11,,HYTQ0022,HYUNDAI GETZ DE SAL,,
HYTQ0023,HYUNDAI GETZ ENTRADA,7,0,7,,HYTQ0023,HYUNDAI GETZ ENTRADA,,7,,HYTQ0023,HYUNDAI GETZ ENTRADA,,
HYTQ0024,HYUNDAI ATOS SAL,13,0,13,,HYTQ0024,HYUNDAI ATOS SAL,,13,,HYTQ0024,HYUNDAI ATOS SAL,,
HYTQ0025,HYUNDAI ATOS ENT RAYADO,6,0,6,,HYTQ0025,HYUNDAI ATOS ENT RAYADO,,6,,HYTQ0025,HYUNDAI ATOS ENT RAYADO,,
HYTQ0026,HYUNDAI ATOS LISO ENT,1,0,1,,HYTQ0026,HYUNDAI ATOS LISO ENT,,1,,HYTQ0026,HYUNDAI ATOS LISO ENT,,
HYTQ0027,HYUNDAI ATOS SAL RAYADO,3,0,3,,HYTQ0027,HYUNDAI ATOS SAL RAYADO,,3,,HYTQ0027,HYUNDAI ATOS SAL RAYADO,,
HYTQ0028,HYUNDAI ATOS SAL LISO,1,0,1,,HYTQ0028,HYUNDAI ATOS SAL LISO,,1,,HYTQ0028,HYUNDAI ATOS SAL LISO,,
HYTQ0029,HYUNDAI SONATA BOQUETON ENT ,9,0,9,,HYTQ0029,HYUNDAI SONATA BOQUETON ENT ,,9,,HYTQ0029,HYUNDAI SONATA BOQUETON ENT ,,
HYTQ0030,HYUNDAI SONATA SAL CORTO,4,0,4,,HYTQ0030,HYUNDAI SONATA SAL CORTO,,4,,HYTQ0030,HYUNDAI SONATA SAL CORTO,,
HYTQ0031,HYUNDAI SONATA 3.3,7,0,7,,HYTQ0031,HYUNDAI SONATA 3.3,,7,,HYTQ0031,HYUNDAI SONATA 3.3,,
HYTQ0032,HYUNDAI GEST ENT,6,0,6,,HYTQ0032,HYUNDAI GEST ENT,,6,,HYTQ0032,HYUNDAI GEST ENT,,
HYTQ0033,HYUNDAI ATOS  SAL RAYADO,13,0,13,,HYTQ0033,HYUNDAI ATOS  SAL RAYADO,,13,,HYTQ0033,HYUNDAI ATOS  SAL RAYADO,,
HYTQ0034,HYUNDAI ATOS RAYADO. ENT ,2,0,2,,HYTQ0034,HYUNDAI ATOS RAYADO. ENT ,,2,,HYTQ0034,HYUNDAI ATOS RAYADO. ENT ,,
HYTQ0035,HYUNDAI ATOS RAYADO CORTO SAL,3,0,3,,HYTQ0035,HYUNDAI ATOS RAYADO CORTO SAL,,3,,HYTQ0035,HYUNDAI ATOS RAYADO CORTO SAL,,
HYTQ0036,HYUNDAI SONATA / KIA OPTIMA BOQUETON ENT,12,0,12,,HYTQ0036,HYUNDAI SONATA / KIA OPTIMA BOQUETON ENT,,12,,HYTQ0036,HYUNDAI SONATA / KIA OPTIMA BOQUETON ENT,,
HYTQ0037,HYUNDAI  SONATA 3.3 ENT ,7,0,7,,HYTQ0037,HYUNDAI  SONATA 3.3 ENT ,,7,,HYTQ0037,HYUNDAI  SONATA 3.3 ENT ,,
HYTQ0038,HYUNDAI SANTA FE CORTO ,4,0,4,,HYTQ0038,HYUNDAI SANTA FE CORTO ,,4,,HYTQ0038,HYUNDAI SANTA FE CORTO ,,
HYTQ0039,HYUNDAI TUCSON 09 RAYADO ENT,6,0,6,,HYTQ0039,HYUNDAI TUCSON 09 RAYADO ENT,,6,,HYTQ0039,HYUNDAI TUCSON 09 RAYADO ENT,,
HYTQ0040,HYUNDAI H1/ TUCSON .R,3,0,3,,HYTQ0040,HYUNDAI H1/ TUCSON .R,,3,,HYTQ0040,HYUNDAI H1/ TUCSON .R,,
HYTQ0041,HYUNDAI TUCSON CORTO. ENT ,4,0,4,,HYTQ0041,HYUNDAI TUCSON CORTO. ENT ,,4,,HYTQ0041,HYUNDAI TUCSON CORTO. ENT ,,
HYTQ0042,HYUNDAI TUCSON  CORTO RAYADO. ENT ,6,0,6,,HYTQ0042,HYUNDAI TUCSON  CORTO RAYADO. ENT ,,6,,HYTQ0042,HYUNDAI TUCSON  CORTO RAYADO. ENT ,,
HYTQ0043,HYUNDAI TUCSON LARGO ENT,10,0,10,,HYTQ0043,HYUNDAI TUCSON LARGO ENT,,10,,HYTQ0043,HYUNDAI TUCSON LARGO ENT,,
HYTQ0044,HYUNDAI  TUCSON LARGO BOQUETON ENT,6,0,6,,HYTQ0044,HYUNDAI  TUCSON LARGO BOQUETON ENT,,6,,HYTQ0044,HYUNDAI  TUCSON LARGO BOQUETON ENT,,
FOTQ0045,FORD FIESTA R SINC,3,0,3,,FOTQ0045,FORD FIESTA R SINC,,3,,HYTQ0045,FORD FIESTA R SINC,,
FOTQ0046,FORD RONCAM BOQUETON DOBLE ,5,0,5,,FOTQ0046,FORD RONCAM BOQUETON DOBLE ,,5,,HYTQ0046,FORD RONCAM BOQUETON DOBLE ,,
FOTQ0047,FORD FIESTA DOBLE BOQUETON ARRIBA,10,0,10,,FOTQ0047,FORD FIESTA DOBLE BOQUETON ARRIBA,,10,,HYTQ0047,FORD FIESTA DOBLE BOQUETON ARRIBA,,
FOTQ0048,FORD FIESTA / PICK UP,3,0,3,,FOTQ0048,FORD FIESTA / PICK UP,,3,,CHTQ0048,FORD FIESTA / PICK UP,,
FOTQ0049,FORD FIESTA SINC BOQUETON R,8,0,8,,FOTQ0049,FORD FIESTA SINC BOQUETON R,,8,,CHTQ0049,FORD FIESTA SINC BOQUETON R,,
FOTQ0050,FORD FIESTVA VIEJO SERP  ,3,0,3,,FOTQ0050,FORD FIESTVA VIEJO SERP  ,,3,,CHTQ0050,FORD FIESTVA VIEJO SERP  ,,
CHTQ0051,CHEVROLET SATURNO 2.0 R,2,0,2,,CHTQ0051,CHEVROLET SATURNO 2.0 R,,2,,CHTQ0051,CHEVROLET SATURNO 2.0 R,,
CHTQ0052,CHEVROLET WINSTAR ENT,3,0,3,,CHTQ0052,CHEVROLET WINSTAR ENT,,3,,CHTQ0052,CHEVROLET WINSTAR ENT,,
CHTQ0053,CHEVROLET FORD TAURUS/ WINSTAR,2,0,2,,CHTQ0053,CHEVROLET FORD TAURUS/ WINSTAR,,2,,CHTQ0053,CHEVROLET FORD TAURUS/ WINSTAR,,
CHTQ0054,CHEVROLET FORD TAURUS BOQUETON ,3,0,3,,CHTQ0054,CHEVROLET FORD TAURUS BOQUETON ,,3,,CHTQ0054,CHEVROLET FORD TAURUS BOQUETON ,,
CHTQ0055,CHEVROLET YOURNEY CHRYSLER,3,0,3,,CHTQ0055,CHEVROLET YOURNEY CHRYSLER,,3,,CHTQ0055,CHEVROLET YOURNEY CHRYSLER,,
CHTQ0056,CHEVROLET YORNEY LISO BOQUETON ENT,3,0,3,,CHTQ0056,CHEVROLET YORNEY LISO BOQUETON ENT,,3,,CHTQ0056,CHEVROLET YORNEY LISO BOQUETON ENT,,
CHTQ0057,CHEVROLET SWIFT CORTO R 37,6,0,6,,CHTQ0057,CHEVROLET SWIFT CORTO R 37,,6,,CHTQ0057,CHEVROLET SWIFT CORTO R 37,,
CHTQ0058,CHEVROLET SWIFT CORTO R 34,4,0,4,,CHTQ0058,CHEVROLET SWIFT CORTO R 34,,4,,CHTQ0058,CHEVROLET SWIFT CORTO R 34,,
HYTQ0059,HYUNDAI VERNA CORTO RAYADO ENT,10,0,10,,HYTQ0059,HYUNDAI VERNA CORTO RAYADO ENT,,10,,CHTQ0059,HYUNDAI VERNA CORTO RAYADO ENT,,
CHTQ0060,CHEVROLET CORSICA SAL,2,0,2,,CHTQ0060,CHEVROLET CORSICA SAL,,2,,CHTQ0060,CHEVROLET CORSICA SAL,,
SZTQ0061,SUZUKI CHINO CORTO ENT,17,0,17,,SZTQ0061,SUZUKI CHINO CORTO ENT,,17,,CHTQ0061,SUZUKI CHINO CORTO ENT,,
CHTQ0062,CHEVROLET WAGONEER CORTO SAL,12,0,12,,CHTQ0062,CHEVROLET WAGONEER CORTO SAL,,12,,CHTQ0062,CHEVROLET WAGONEER CORTO SAL,,
CHTQ0063,CHEVROLET WAGONEER CORTO ENT,3,0,3,,CHTQ0063,CHEVROLET WAGONEER CORTO ENT,,3,,CHTQ0063,CHEVROLET WAGONEER CORTO ENT,,
CHTQ0064,CHEVROLET WAGON R SAL,12,0,12,,CHTQ0064,CHEVROLET WAGON R SAL,,12,,CHTQ0064,CHEVROLET WAGON R SAL,,
CHTQ0065,CHEVROLET SPARK.ENT,13,0,13,,CHTQ0065,CHEVROLET SPARK.ENT,,13,,CHTQ0065,CHEVROLET SPARK.ENT,,
CHTQ0066,CHEVROLET SPARK SAL,6,0,6,,CHTQ0066,CHEVROLET SPARK SAL,,6,,CHTQ0066,CHEVROLET SPARK SAL,,
CHTQ0067,CHEVROLET WAGON R CON PIN ENT,4,0,4,,CHTQ0067,CHEVROLET WAGON R CON PIN ENT,,4,,CHTQ0067,CHEVROLET WAGON R CON PIN ENT,,
CHTQ0068, CHEVROLET BLAZER SAL ANCHO,2,0,2,,CHTQ0068, CHEVROLET BLAZER SAL ANCHO,,2,,CHTQ0068, CHEVROLET BLAZER SAL ANCHO,,
CHTQ0069,CHEVROLET BLAZER DELGADO R,3,0,3,,CHTQ0069,CHEVROLET BLAZER DELGADO R,,3,,CHTQ0069,CHEVROLET BLAZER DELGADO R,,
CHTQ0070,CHEVROLET CRUIZER / CHRYSLER R,2,0,2,,CHTQ0070,CHEVROLET CRUIZER / CHRYSLER R,,2,,CHTQ0070,CHEVROLET CRUIZER / CHRYSLER R,,
CHTQ0071,CHEVROLET BLAZER SAL SERP,7,0,7,,CHTQ0071,CHEVROLET BLAZER SAL SERP,,7,,CHTQ0071,CHEVROLET BLAZER SAL SERP,,
CHTQ0072,CHEVROLET GM  SAL BLAZER,6,0,6,,CHTQ0072,CHEVROLET GM  SAL BLAZER,,6,,CHTQ0072,CHEVROLET GM  SAL BLAZER,,
CHTQ0073,CHEVROLET GM BLAZER CORTO,9,0,9,,CHTQ0073,CHEVROLET GM BLAZER CORTO,,9,,CHTQ0073,CHEVROLET GM BLAZER CORTO,,
CHTQ0074,CHEVROLET. GM BLAZER ENT BOQUETON ENT,2,0,2,,CHTQ0074,CHEVROLET. GM BLAZER ENT BOQUETON ENT,,2,,CHTQ0074,CHEVROLET. GM BLAZER ENT BOQUETON ENT,,
CHTQ0075,CHEVROLET GM BLAZER BOQUETON INCLINADO,14,0,14,,CHTQ0075,CHEVROLET GM BLAZER BOQUETON INCLINADO,,14,,CHTQ0075,CHEVROLET GM BLAZER BOQUETON INCLINADO,,
CHTQ0076,CHEVROLET CAUTIVA. ENT,7,0,7,,CHTQ0076,CHEVROLET CAUTIVA. ENT,,7,,CHTQ0076,CHEVROLET CAUTIVA. ENT,,
CHTQ0077,CHEVROLET  CAUTIVA SAL,5,0,5,,CHTQ0077,CHEVROLET  CAUTIVA SAL,,5,,CHTQ0077,CHEVROLET  CAUTIVA SAL,,
CHTQ0078,CHEVROLET CAVALIER R,11,0,11,,CHTQ0078,CHEVROLET CAVALIER R,,11,,CHTQ0078,CHEVROLET CAVALIER R,,
CHTQ0079,CHEVROLET CHAYANE RAYADO.R ,8,0,8,,CHTQ0079,CHEVROLET CHAYANE RAYADO.R ,,8,,CHTQ0079,CHEVROLET CHAYANE RAYADO.R ,,
CHTQ0080,CHEVROLET CHAYANE GRUESO SAL,2,0,2,,CHTQ0080,CHEVROLET CHAYANE GRUESO SAL,,2,,CHTQ0080,CHEVROLET CHAYANE GRUESO SAL,,
CHTQ0081,CHEVROLET STEAM SAL ,3,0,3,,CHTQ0081,CHEVROLET STEAM SAL ,,3,,CHTQ0081,CHEVROLET STEAM SAL ,,
CHTQ0082,CHEVROLET MALIBU BOQUETON SERP  ,2,0,2,,CHTQ0082,CHEVROLET MALIBU BOQUETON SERP  ,,2,,CHTQ0082,CHEVROLET MALIBU BOQUETON SERP  ,,
CHTQ0083,CHEVROLET MALIBU SAL RAYADO GRANDE,1,0,1,,CHTQ0083,CHEVROLET MALIBU SAL RAYADO GRANDE,,1,,CHTQ0083,CHEVROLET MALIBU SAL RAYADO GRANDE,,
CHTQ0084,CHEVROLET CAMARO R,3,0,3,,CHTQ0084,CHEVROLET CAMARO R,,3,,CHTQ0084,CHEVROLET CAMARO R,,
CHTQ0085,CHEVROLET CAMARON BOQUETON GRUESO,3,0,3,,CHTQ0085,CHEVROLET CAMARON BOQUETON GRUESO,,3,,CHTQ0085,CHEVROLET CAMARON BOQUETON GRUESO,,
RETQ0086,RENAULT SIMBOL. R,38,0,38,,RETQ0086,RENAULT SIMBOL. R,,38,,CHTQ0086,RENAULT SIMBOL. R,,
FITQ0087,FIAT 1 CON BOQUETON. R,27,0,27,,FITQ0087,FIAT 1 CON BOQUETON. R,,27,,CHTQ0087,FIAT 1 CON BOQUETON. R,,
FITQ0088,FIAT PALIO TEMPRA . R,19,0,19,,FITQ0088,FIAT PALIO TEMPRA . R,,19,,CHTQ0088,FIAT PALIO TEMPRA . R,,
FITQ0089,FIAT PALIO LISO PIN LATERALES. R,28,0,28,,FITQ0089,FIAT PALIO LISO PIN LATERALES. R,,28,,CHTQ0089,FIAT PALIO LISO PIN LATERALES. R,,
FITQ0090,FIAT PALIO 5 CON BOQUETON Y ANCLAJE .R  ,14,0,14,,FITQ0090,FIAT PALIO 5 CON BOQUETON Y ANCLAJE .R  ,,14,,CHTQ0090,FIAT PALIO 5 CON BOQUETON Y ANCLAJE .R  ,,
MATQ0091,MAZDA RAYADO RETENEDOR,35,0,35,,MATQ0091,MAZDA RAYADO RETENEDOR,,35,,CHTQ0091,MAZDA RAYADO RETENEDOR,,
MATQ0092,MAZDA FINO CORTO ENT,5,0,5,,MATQ0092,MAZDA FINO CORTO ENT,,5,,CHTQ0092,MAZDA FINO CORTO ENT,,
CHTQ0093,CHEVROLET SWIFT 34 CM. ENT,9,0,9,,CHTQ0093,CHEVROLET SWIFT 34 CM. ENT,,9,,CHTQ0093,CHEVROLET SWIFT 34 CM. ENT,,
CHTQ0094,CHEVROLET SWIFT  37. ENT,11,0,11,,CHTQ0094,CHEVROLET SWIFT  37. ENT,,11,,CHTQ0094,CHEVROLET SWIFT  37. ENT,,
CHTQ0095,CHEVROLET STEAM. ENT ,21,0,21,,CHTQ0095,CHEVROLET STEAM. ENT ,,21,,CHTQ0095,CHEVROLET STEAM. ENT ,,
HOTQ0096,HONDA CIVIC SEDAN CORTO ENT,9,0,9,,HOTQ0096,HONDA CIVIC SEDAN CORTO ENT,,9,,CHTQ0096,HONDA CIVIC SEDAN CORTO ENT,,
HOTQ0097,HONDA CIVIC CORTO 92-97 ENT,15,0,15,,HOTQ0097,HONDA CIVIC CORTO 92-97 ENT,,15,,CHTQ0097,HONDA CIVIC CORTO 92-97 ENT,,
HOTQ0098,HONDA CIVIC CORTO GRUESO SAL,3,0,3,,HOTQ0098,HONDA CIVIC CORTO GRUESO SAL,,3,,HOTQ0098,HONDA CIVIC CORTO GRUESO SAL,,
RETQ0099,RENAULT TWINGO ENT  93. 0.1,10,0,10,,RETQ0099,RENAULT TWINGO ENT  93. 0.1,,10,,RETQ0099,RENAULT TWINGO ENT  93. 0.1,,
RETQ0100,RENAULT LAGUNA BOQUETON. R,4,0,4,,RETQ0100,RENAULT LAGUNA BOQUETON. R,,4,,RETQ0100,RENAULT LAGUNA BOQUETON. R,,
RETQ0101,RENAULT LAGUNA  RAYADO. R,3,0,3,,RETQ0101,RENAULT LAGUNA  RAYADO. R,,3,,RETQ0101,RENAULT LAGUNA  RAYADO. R,,
RETQ0102,RENAULT TRAFFIC .R,8,0,8,,RETQ0102,RENAULT TRAFFIC .R,,8,,RETQ0102,RENAULT TRAFFIC .R,,
RETQ0103,RENAULT   MEGANE. R,13,0,13,,RETQ0103,RENAULT   MEGANE. R,,13,,RETQ0103,RENAULT   MEGANE. R,,
RETQ0104,RENAULT 98 BOQUETON GRANDE,3,0,3,,RETQ0104,RENAULT 98 BOQUETON GRANDE,,3,,RETQ0104,RENAULT 98 BOQUETON GRANDE,,
RETQ0105,RENAULT KANGOCLIO BOQUETON INCLINADO,16,0,16,,RETQ0105,RENAULT KANGOCLIO BOQUETON INCLINADO,,16,,RETQ0105,RENAULT KANGOCLIO BOQUETON INCLINADO,,
HOTQ0106,HONDA FIT CORTO. R,18,0,18,,HOTQ0106,HONDA FIT CORTO. R,,18,,RETQ0106,HONDA FIT CORTO. R,,
FITQ0107,FIAT PALIO 1.3  BOQUETON. R,12,0,12,,FITQ0107,FIAT PALIO 1.3  BOQUETON. R,,12,,FITTQ0107,FIAT PALIO 1.3  BOQUETON. R,,
FITQ0108,FIAT PALIO SIENNA RETENEDOR,4,0,4,,FITQ0108,FIAT PALIO SIENNA RETENEDOR,,4,,FITTQ0108,FIAT PALIO SIENNA RETENEDOR,,
FITQ0109,FIAT PALIO SIENARETENEDOR RAYADO ,6,0,6,,FITQ0109,FIAT PALIO SIENARETENEDOR RAYADO ,,6,,FITTQ0109,FIAT PALIO SIENARETENEDOR RAYADO ,,
FOTQ0110,FORD ASTRA,17,0,17,,FOTQ0110,FORD ASTRA,,17,,FITTQ0110,FORD ASTRA,,
FOTQ0111,FORD FIESTA RETENEDOR,30,0,30,,FOTQ0111,FORD FIESTA RETENEDOR,,30,,FITTQ0111,FORD FIESTA RETENEDOR,,
FOTQ0112,FORD FIESTA SINC,14,0,14,,FOTQ0112,FORD FIESTA SINC,,14,,FITTQ0112,FORD FIESTA SINC,,
MATQ0113,MAZDA DEMIO  CORTO. ENT,10,0,10,,MATQ0113,MAZDA DEMIO  CORTO. ENT,,10,,MATQ0113,MAZDA DEMIO  CORTO. ENT,,
MATQ0114,MAZDA  FINO BOQUETON INCLINADO . ENT,3,0,3,,MATQ0114,MAZDA  FINO BOQUETON INCLINADO . ENT,,3,,MATQ0114,MAZDA  FINO BOQUETON INCLINADO . ENT,,
MATQ0115,MAZDA DEMIO RAYADO CORTO. R,2,0,2,,MATQ0115,MAZDA DEMIO RAYADO CORTO. R,,2,,MATQ0115,MAZDA DEMIO RAYADO CORTO. R,,
MATQ0116,MAZDA DEMIO AUT. R,2,0,2,,MATQ0116,MAZDA DEMIO AUT. R,,2,,MATQ0116,MAZDA DEMIO AUT. R,,
PETQ0117,PEUGEOT CENTAURO 88-91,2,0,2,,PETQ0117,PEUGEOT CENTAURO 88-91,,2,,MATQ0117,PEUGEOT CENTAURO 88-91,,
PETQ0118,PEUGEOT 307,4,0,4,,PETQ0118,PEUGEOT 307,,4,,MATQ0118,PEUGEOT 307,,
PETQ0119,PEUGEOT CENTAURO BOQUETON ,3,0,3,,PETQ0119,PEUGEOT CENTAURO BOQUETON ,,3,,MATQ0119,PEUGEOT CENTAURO BOQUETON ,,
PETQ0120,PEUGEOT CENTAURO FINO RAYADO ,2,0,2,,PETQ0120,PEUGEOT CENTAURO FINO RAYADO ,,2,,MATQ0120,PEUGEOT CENTAURO FINO RAYADO ,,
CHTQ0121,CHEVROLET  GM CRUZE CORTO,10,0,10,,CHTQ0121,CHEVROLET  GM CRUZE CORTO,,10,,MATQ0121,CHEVROLET  GM CRUZE CORTO,,
PETQ0122,CITROEN,19,0,19,,PETQ0122,CITROEN,,19,,MATQ0122,CITROEN,,
FOTQ0123,FORD MUSTANG 4.0,1,0,1,,FOTQ0123,FORD MUSTANG 4.0,,1,,MATQ0123,FORD MUSTANG 4.0,,
FOTQ0124,FORD MUSTANG 4.0 SAL,1,0,1,,FOTQ0124,FORD MUSTANG 4.0 SAL,,1,,MATQ0124,FORD MUSTANG 4.0 SAL,,
FOTQ0125,FORD WINDSTAR,1,0,1,,FOTQ0125,FORD WINDSTAR,,1,,MATQ0125,FORD WINDSTAR,,
FOTQ0126,FORD MUSTANG F150,9,0,9,,FOTQ0126,FORD MUSTANG F150,,9,,HOTQ0126,FORD MUSTANG F150,,
FOTQ0127,FORD FUSION  RAYADO GRUESO,3,0,3,,FOTQ0127,FORD FUSION  RAYADO GRUESO,,3,,HOTQ0127,FORD FUSION  RAYADO GRUESO,,
FOTQ0128,FORD EXPLORER VIEJO,2,0,2,,FOTQ0128,FORD EXPLORER VIEJO,,2,,HOTQ0128,FORD EXPLORER VIEJO,,
FOTQ0129,FORD EXPLORER ENT,4,0,4,,FOTQ0129,FORD EXPLORER ENT,,4,,HOTQ0129,FORD EXPLORER ENT,,
FOTQ0130,FORD EXPLORER NAVIGATOR ,9,0,9,,FOTQ0130,FORD EXPLORER NAVIGATOR ,,9,,HOTQ0130,FORD EXPLORER NAVIGATOR ,,
FOTQ0131,FORD EXPLORER F4,3,0,3,,FOTQ0131,FORD EXPLORER F4,,3,,HOTQ0131,FORD EXPLORER F4,,
FOTQ0132,FORD EXPEDITION,2,0,2,,FOTQ0132,FORD EXPEDITION,,2,,HOTQ0132,FORD EXPEDITION,,
FOTQ0133,FORD EXPLORER 2013 RAYADO,2,0,2,,FOTQ0133,FORD EXPLORER 2013 RAYADO,,2,,HOTQ0133,FORD EXPLORER 2013 RAYADO,,
FOTQ0134,FORD PICK  RAYADO UP ENT ,2,0,2,,FOTQ0134,FORD PICK  RAYADO UP ENT ,,2,,HOTQ0134,FORD PICK  RAYADO UP ENT ,,
FOTQ0135,FORD PICK UP RAYADO SAL ,14,0,14,,FOTQ0135,FORD PICK UP RAYADO SAL ,,14,,HOTQ0135,FORD PICK UP RAYADO SAL ,,
FOTQ0136,FORD EXPLORER 11-18,1,0,1,,FOTQ0136,FORD EXPLORER 11-18,,1,,HOTQ0136,FORD EXPLORER 11-18,,
FOTQ0137,FORD FORTALEZA RAYADO FX4,2,0,2,,FOTQ0137,FORD FORTALEZA RAYADO FX4,,2,,HOTQ0137,FORD FORTALEZA RAYADO FX4,,
FOTQ0138,FORD ESCAPE 2008 RAYADO,1,0,1,,FOTQ0138,FORD ESCAPE 2008 RAYADO,,1,,HOTQ0138,FORD ESCAPE 2008 RAYADO,,
FOTQ0139,FORD ESCAPE SAL RAYADO 2008,3,0,3,,FOTQ0139,FORD ESCAPE SAL RAYADO 2008,,3,,HOTQ0139,FORD ESCAPE SAL RAYADO 2008,,
FOTQ0140,FORD ESCAPE TRIBUTE 2.0,29,0,29,,FOTQ0140,FORD ESCAPE TRIBUTE 2.0,,29,,HOTQ0140,FORD ESCAPE TRIBUTE 2.0,,
FOTQ0141,FORD ESCAPE TRIBUTE 2.0 SAL,11,0,11,,FOTQ0141,FORD ESCAPE TRIBUTE 2.0 SAL,,11,,HOTQ0141,FORD ESCAPE TRIBUTE 2.0 SAL,,
FOTQ0142,FORD ESCAPE MODERNO,5,0,5,,FOTQ0142,FORD ESCAPE MODERNO,,5,,HOTQ0142,FORD ESCAPE MODERNO,,
FOTQ0143,FORD EXPLORER RAYADO  ENT,2,0,2,,FOTQ0143,FORD EXPLORER RAYADO  ENT,,2,,HOTQ0143,FORD EXPLORER RAYADO  ENT,,
FOTQ0144, ,0,0,0,,,#N/D,,2,,,#N/D,,
HOTQ0145,HONDA ACCORD 03-04 2.3. ENT ,6,0,6,,HOTQ0145,HONDA ACCORD 03-04 2.3. ENT ,,6,,HOTQ0145,HONDA ACCORD 03-04 2.3. ENT ,,
HOTQ0146,HONDA ACCORD 94-97 PRELUDE. ENT ,7,0,7,,HOTQ0146,HONDA ACCORD 94-97 PRELUDE. ENT ,,7,,HOTQ0146,HONDA ACCORD 94-97 PRELUDE. ENT ,,
HOTQ0147,HONDA ODYSSEY. ENT ,4,0,4,,HOTQ0147,HONDA ODYSSEY. ENT ,,4,,HOTQ0147,HONDA ODYSSEY. ENT ,,
HOTQ0148,HONDA CRV 07-09 2.4. SAL ,1,0,1,,HOTQ0148,HONDA CRV 07-09 2.4. SAL ,,1,,HOTQ0148,HONDA CRV 07-09 2.4. SAL ,,
HOTQ0149,HONDA CRV CX.R 2.4 07-09,2,0,2,,HOTQ0149,HONDA CRV CX.R 2.4 07-09,,2,,HOTQ0149,HONDA CRV CX.R 2.4 07-09,,
HOTQ0150,HONDA CIVIC  06. 1.8 CX. R,1,0,1,,HOTQ0150,HONDA CIVIC  06. 1.8 CX. R,,1,,HOTQ0150,HONDA CIVIC  06. 1.8 CX. R,,
HOTQ0151,HONDA CIVIC  E.  07-09 2.4. SAL ,3,0,3,,HOTQ0151,HONDA CIVIC  E.  07-09 2.4. SAL ,,3,,HOTQ0151,HONDA CIVIC  E.  07-09 2.4. SAL ,,
HOTQ0152,HONDA CIVIC E. CX.  SAL,1,0,1,,HOTQ0152,HONDA CIVIC E. CX.  SAL,,1,,HOTQ0152,HONDA CIVIC E. CX.  SAL,,
HOTQ0153,HONDA CIVIC 1.3 EMOTION ,4,0,4,,HOTQ0153,HONDA CIVIC 1.3 EMOTION ,,4,,HOTQ0153,HONDA CIVIC 1.3 EMOTION ,,
HOTQ0154,HONDA CIVIC EVOLUTION 2001 2.4. SAL,3,0,3,,HOTQ0154,HONDA CIVIC EVOLUTION 2001 2.4. SAL,,3,,HOTQ0154,HONDA CIVIC EVOLUTION 2001 2.4. SAL,,
HOTQ0155,HONDA CIVIC R  1.3 BOCA ,8,0,8,,HOTQ0155,HONDA CIVIC R  1.3 BOCA ,,8,,HOTQ0155,HONDA CIVIC R  1.3 BOCA ,,
HOTQ0156,HONDA ACCORD 88-89. 1.8,2,0,2,,HOTQ0156,HONDA ACCORD 88-89. 1.8,,2,,HOTQ0156,HONDA ACCORD 88-89. 1.8,,
HOTQ0157,HONDA CIVIC 2001 E . ENT ,1,0,1,,HOTQ0157,HONDA CIVIC 2001 E . ENT ,,1,,HOTQ0157,HONDA CIVIC 2001 E . ENT ,,
HOTQ0158,HONDA CIVIC. SAL ,1,0,1,,HOTQ0158,HONDA CIVIC. SAL ,,1,,HOTQ0158,HONDA CIVIC. SAL ,,
HOTQ0159,HONDA ACCORD 68 SAL ,7,0,7,,HOTQ0159,HONDA ACCORD 68 SAL ,,7,,HOTQ0159,HONDA ACCORD 68 SAL ,,
HOTQ0160,HONDA CRV FINO 07-09. ENT ,4,0,4,,HOTQ0160,HONDA CRV FINO 07-09. ENT ,,4,,HOTQ0160,HONDA CRV FINO 07-09. ENT ,,
HOTQ0161,HONDA FIT 07-08 1.5 ,5,0,5,,HOTQ0161,HONDA FIT 07-08 1.5 ,,5,,HOTQ0161,HONDA FIT 07-08 1.5 ,,
HOTQ0162,HONDA CRV   97-01 2.0 ENT ,2,0,2,,HOTQ0162,HONDA CRV   97-01 2.0 ENT ,,2,,HOTQ0162,HONDA CRV   97-01 2.0 ENT ,,
HOTQ0163,HONDA CRV 07-09 2..4. ENT,3,0,3,,HOTQ0163,HONDA CRV 07-09 2..4. ENT,,3,,HOTQ0163,HONDA CRV 07-09 2..4. ENT,,
HOTQ0164,HONDA ODYSSEY ENT,9,0,9,,HOTQ0164,HONDA ODYSSEY ENT,,9,,HOTQ0164,HONDA ODYSSEY ENT,,
HOTQ0165,HONDA CRV ENT ,14,0,14,,HOTQ0165,HONDA CRV ENT ,,14,,HOTQ0165,HONDA CRV ENT ,,
FOTQ0166,FORD ASTRA. R,16,0,16,,FOTQ0166,FORD ASTRA. R,,16,,FOTQ0166,FORD ASTRA. R,,
FOTQ0167,FORD FIESTA . R,83,0,83,,FOTQ0167,FORD FIESTA . R,,83,,FOTQ0167,FORD FIESTA . R,,
FOTQ0168,FORD FIESTA SINC,21,0,21,,FOTQ0168,FORD FIESTA SINC,,21,,FOTQ0168,FORD FIESTA SINC,,
FOTQ0169,FORD MUSTANG. SAL ,4,0,4,,FOTQ0169,FORD MUSTANG. SAL ,,4,,FOTQ0169,FORD MUSTANG. SAL ,,
FOTQ0170,FORD MUSTANG  0.4. ENT ,3,0,3,,FOTQ0170,FORD MUSTANG  0.4. ENT ,,3,,FOTQ0170,FORD MUSTANG  0.4. ENT ,,
FOTQ0171,FORD MUSTANG 97- 04,6,0,6,,FOTQ0171,FORD MUSTANG 97- 04,,6,,FOTQ0171,FORD MUSTANG 97- 04,,
FOTQ0172,FORD MUSTANG 05-06,4,0,4,,FOTQ0172,FORD MUSTANG 05-06,,4,,FOTQ0172,FORD MUSTANG 05-06,,
FOTQ0173,FORD FUSION. ENT ,3,0,3,,FOTQ0173,FORD FUSION. ENT ,,3,,FOTQ0173,FORD FUSION. ENT ,,
FOTQ0174,FORD EXPLORER VIEJO ,2,0,2,,FOTQ0174,FORD EXPLORER VIEJO ,,2,,FOTQ0174,FORD EXPLORER VIEJO ,,
FOTQ0175,FORD EXPLORER 06-08. ENT ,6,0,6,,FOTQ0175,FORD EXPLORER 06-08. ENT ,,6,,FOTQ0175,FORD EXPLORER 06-08. ENT ,,
FOTQ0176,FORD EXPLORER NAVIGATOR ,9,0,9,,FOTQ0176,FORD EXPLORER NAVIGATOR ,,9,,FOTQ0176,FORD EXPLORER NAVIGATOR ,,
FOTQ0177,FORD EXPEDITION. R,2,0,2,,FOTQ0177,FORD EXPEDITION. R,,2,,FOTQ0177,FORD EXPEDITION. R,,
FOTQ0178,FORD EXPLORER F1.6 ,3,0,3,,FOTQ0178,FORD EXPLORER F1.6 ,,3,,FOTQ0178,FORD EXPLORER F1.6 ,,
FOTQ0179,FORD FORTALEZA. R,8,0,8,,FOTQ0179,FORD FORTALEZA. R,,8,,FOTQ0179,FORD FORTALEZA. R,,
FOTQ0180,FORD FIESTA POWER AUT UP 97 10 5.4 ,7,0,7,,FOTQ0180,FORD FIESTA POWER AUT UP 97 10 5.4 ,,7,,FOTQ0180,FORD FIESTA POWER AUT UP 97 10 5.4 ,,
FOTQ0181,FORD EXPLORER EDDIE WABER,1,0,1,,FOTQ0181,FORD EXPLORER EDDIE WABER,,1,,FOTQ0181,FORD EXPLORER EDDIE WABER,,
FOTQ0182,FORD EXPLORER 2013,2,0,2,,FOTQ0182,FORD EXPLORER 2013,,2,,FOTQ0182,FORD EXPLORER 2013,,
FOTQ0183,FORD EXPLORER GRANDE ,1,0,1,,FOTQ0183,FORD EXPLORER GRANDE ,,1,,FOTQ0183,FORD EXPLORER GRANDE ,,
FOTQ0184,FORD EXPLORER 54. SAL ,1,0,1,,FOTQ0184,FORD EXPLORER 54. SAL ,,1,,FOTQ0184,FORD EXPLORER 54. SAL ,,
FOTQ0185,FORD UNIVERSAL ,45,0,45,,FOTQ0185,FORD UNIVERSAL ,,45,,FOTQ0185,FORD UNIVERSAL ,,
FOTQ0186,FORD EXPEDITION 98. R,2,0,2,,FOTQ0186,FORD EXPEDITION 98. R,,2,,FOTQ0186,FORD EXPEDITION 98. R,,
FOTQ0187,FORD ESCAPE 2008. R,3,0,3,,FOTQ0187,FORD ESCAPE 2008. R,,3,,FOTQ0187,FORD ESCAPE 2008. R,,
FOTQ0188,FORD ESCAPE TRIBUTE 2008. R,12,0,12,,FOTQ0188,FORD ESCAPE TRIBUTE 2008. R,,12,,FOTQ0188,FORD ESCAPE TRIBUTE 2008. R,,
FOTQ0189,FORD MOUNTAIN EXPLORER ,4,0,4,,FOTQ0189,FORD MOUNTAIN EXPLORER ,,4,,FOTQ0189,FORD MOUNTAIN EXPLORER ,,
FOTQ0190,FORD EXPLORER  60/59,6,0,6,,FOTQ0190,FORD EXPLORER  60/59,,6,,FOTQ0190,FORD EXPLORER  60/59,,
FOTQ0191,FORD EXPLORER  59. ENT ,4,0,4,,FOTQ0191,FORD EXPLORER  59. ENT ,,4,,FOTQ0191,FORD EXPLORER  59. ENT ,,
FOTQ0192,FORD ELITE . R 60,22,0,22,,FOTQ0192,FORD ELITE . R 60,,22,,FOTQ0192,FORD ELITE . R 60,,
FOTQ0193,FORD BRONCO 8CL ,2,0,2,,FOTQ0193,FORD BRONCO 8CL ,,2,,FOTQ0193,FORD BRONCO 8CL ,,
FOTQ0194,FORD  BRONCO 3600,1,0,1,,FOTQ0194,FORD  BRONCO 3600,,1,,FOTQ0194,FORD  BRONCO 3600,,
FOTQ0195,FORD EXPLORER  LISO F,2,0,2,,FOTQ0195,FORD EXPLORER  LISO F,,2,,FOTQ0195,FORD EXPLORER  LISO F,,
FOTQ0196,FORD WIVSTAR. SAL,4,0,4,,FOTQ0196,FORD WIVSTAR. SAL,,4,,FOTQ0196,FORD WIVSTAR. SAL,,
FOTQ0197,FORD ESCAPE TRIBUTE  01-08. SAL,22,0,22,,FOTQ0197,FORD ESCAPE TRIBUTE  01-08. SAL,,22,,FOTQ0197,FORD ESCAPE TRIBUTE  01-08. SAL,,
FOTQ0198,FORD  ESCAPE  CX. R 2.5,1,0,1,,FOTQ0198,FORD  ESCAPE  CX. R 2.5,,1,,FOTQ0198,FORD  ESCAPE  CX. R 2.5,,
FOTQ0199,FORD FOCUS 2008,4,0,4,,FOTQ0199,FORD FOCUS 2008,,4,,FOTQ0199,FORD FOCUS 2008,,
FOTQ0200,FORD LASER . SAL,4,0,4,,FOTQ0200,FORD LASER . SAL,,4,,FOTQ0200,FORD LASER . SAL,,
FOTQ0201,FORD MERCURY. R,18,0,18,,FOTQ0201,FORD MERCURY. R,,18,,FOTQ0201,FORD MERCURY. R,,
FOTQ0202,FORD LASER. ENT ,2,0,2,,FOTQ0202,FORD LASER. ENT ,,2,,FOTQ0202,FORD LASER. ENT ,,
FOTQ0203,FORD FIESTA 1.6 2011,1,0,1,,FOTQ0203,FORD FIESTA 1.6 2011,,1,,FOTQ0203,FORD FIESTA 1.6 2011,,
FOTQ0204,FORD FIESTA TITANIUM ,7,0,7,,FOTQ0204,FORD FIESTA TITANIUM ,,7,,FOTQ0204,FORD FIESTA TITANIUM ,,
FOTQ0205,FORD EXPEDITION  97-02,3,0,3,,FOTQ0205,FORD EXPEDITION  97-02,,3,,FOTQ0205,FORD EXPEDITION  97-02,,
FOTQ0206,FORD EXPLORER VIEJO  54. CM,2,0,2,,FOTQ0206,FORD EXPLORER VIEJO  54. CM,,2,,FOTQ0206,FORD EXPLORER VIEJO  54. CM,,
FOTQ0207,FORD DEL REY. SAL ,2,0,2,,FOTQ0207,FORD DEL REY. SAL ,,2,,FOTQ0207,FORD DEL REY. SAL ,,
FOTQ0208,FORD ECKONOLINE. R ,6,0,6,,FOTQ0208,FORD ECKONOLINE. R ,,6,,FOTQ0208,FORD ECKONOLINE. R ,,
FOTQ0209,FORD ECONOLINE. R,14,0,14,,FOTQ0209,FORD ECONOLINE. R,,14,,FOTQ0209,FORD ECONOLINE. R,,
PETQ0210,PEUGEOT CENTAURO  89-91,7,0,7,,PETQ0210,PEUGEOT CENTAURO  89-91,,7,,PETQ0210,PEUGEOT CENTAURO  89-91,,
PETQ0211,PEUGEOT 307 00-08,4,0,4,,PETQ0211,PEUGEOT 307 00-08,,4,,PETQ0211,PEUGEOT 307 00-08,,
PETQ0212,PEUGEOT CRUZE,12,0,12,,PETQ0212,PEUGEOT CRUZE,,12,,PETQ0212,PEUGEOT CRUZE,,
SUTQ0213,SUBARU,33,0,33,,SUTQ0213,SUBARU,,33,,SUTQ0213,SUBARU,,
SUTQ0214,SUBARU LEGACY. R,4,0,4,,SUTQ0214,SUBARU LEGACY. R,,4,,SUTQ0214,SUBARU LEGACY. R,,
CRTQ0215,CHERY. ARAUCA. ENT,6,0,6,,CRTQ0215,CHERY. ARAUCA. ENT,,6,,SUTQ0215,CHERY. ARAUCA. ENT,,
CRTQ0216,CHERY. ARAUCA. SAL ,43,0,43,,CRTQ0216,CHERY. ARAUCA. SAL ,,43,,SUTQ0216,CHERY. ARAUCA. SAL ,,
CRTQ0217,CHERY. TIGO. ENT,13,0,13,,CRTQ0217,CHERY. TIGO. ENT,,13,,SUTQ0217,CHERY. TIGO. ENT,,
CRTQ0218,CHERY TIGO. SAL,5,0,5,,CRTQ0218,CHERY TIGO. SAL,,5,,SUTQ0218,CHERY TIGO. SAL,,
CRTQ0219,CHERY. ORINOCO. SAL ,14,0,14,,CRTQ0219,CHERY. ORINOCO. SAL ,,14,,SUTQ0219,CHERY. ORINOCO. SAL ,,
CRTQ0220,CHERY. ORINOCO. ENT ,5,0,5,,CRTQ0220,CHERY. ORINOCO. ENT ,,5,,SUTQ0220,CHERY. ORINOCO. ENT ,,
METQ0221,MERCEDEZ. R,55,0,55,,METQ0221,MERCEDEZ. R,,55,,METQ0221,MERCEDEZ. R,,
DOTQ0222,DOGE CARAVAN. R,9,0,9,,DOTQ0222,DOGE CARAVAN. R,,9,,DOTQ0222,DOGE CARAVAN. R,,
DOTQ0223,DOGE DAKOTA. R,2,0,2,,DOTQ0223,DOGE DAKOTA. R,,2,,DOTQ0223,DOGE DAKOTA. R,,
DOTQ0224,DOGE SHAVANA. R,8,0,8,,DOTQ0224,DOGE SHAVANA. R,,8,,DOTQ0224,DOGE SHAVANA. R,,
DOTQ0225,DOGE SHAVANA EXPEDITION,5,0,5,,DOTQ0225,DOGE SHAVANA EXPEDITION,,5,,DOTQ0225,DOGE SHAVANA EXPEDITION,,
DOTQ0226,DOGE CARAVAN. R,22,0,22,,DOTQ0226,DOGE CARAVAN. R,,22,,DOTQ0226,DOGE CARAVAN. R,,
DOTQ0227,DOGE LIBERTY / DAKOTA. R,20,0,20,,DOTQ0227,DOGE LIBERTY / DAKOTA. R,,20,,DOTQ0227,DOGE LIBERTY / DAKOTA. R,,
DOTQ0228,DOGE KK. R,32,0,32,,DOTQ0228,DOGE KK. R,,32,,DOTQ0228,DOGE KK. R,,
ISTQ0229,ISUZU RODEO,4,0,4,,ISTQ0229,ISUZU RODEO,,4,,ISTQ0229,ISUZU RODEO,,
SUTQ0230,SUZUKI. 51. ENT,5,0,5,,SUTQ0230,SUZUKI. 51. ENT,,5,,SUTQ0230,SUZUKI. 51. ENT,,
SUTQ0231,SUZUKI 54. ENT,10,0,10,,SUTQ0231,SUZUKI 54. ENT,,10,,SUTQ0231,SUZUKI 54. ENT,,
SUTQ0232,SUZUKI JIMY,1,0,1,,SUTQ0232,SUZUKI JIMY,,1,,SUTQ0232,SUZUKI JIMY,,
SUTQ0233,SUZUKI STEM 95-02. R,2,0,2,,SUTQ0233,SUZUKI STEM 95-02. R,,2,,SUTQ0233,SUZUKI STEM 95-02. R,,
SUTQ0234,SUZUKI ESCUDO VITARA ,5,0,5,,SUTQ0234,SUZUKI ESCUDO VITARA ,,5,,SUTQ0234,SUZUKI ESCUDO VITARA ,,
SUTQ0235,SUZUKI VITARA 62. SAL ,6,0,6,,SUTQ0235,SUZUKI VITARA 62. SAL ,,6,,SUTQ0235,SUZUKI VITARA 62. SAL ,,
SUTQ0236,SUZUKI VITARA 62. ENT,13,0,13,,SUTQ0236,SUZUKI VITARA 62. ENT,,13,,SUTQ0236,SUZUKI VITARA 62. ENT,,
IVTQ0237,IVECO DAILY ,14,0,14,,IVTQ0237,IVECO DAILY ,,14,,IVTQ0237,IVECO DAILY ,,
IVTQ0238,IVECO MACK ,5,0,5,,IVTQ0238,IVECO MACK ,,5,,IVTQ0238,IVECO MACK ,,
IVTQ0239,IVECO STRALIS ,8,0,8,,IVTQ0239,IVECO STRALIS ,,8,,IVTQ0239,IVECO STRALIS ,,
IVTQ0240,SANY YONG ,6,0,6,,IVTQ0240,SANY YONG ,,6,,IVTQ0240,SANY YONG ,,
FOTQ0241,FORD ASTRA. R,6,0,6,,FOTQ0241,FORD ASTRA. R,,6,,FOTQ0241,FORD ASTRA. R,,
FOTQ0242,FORD FESTIVA. SAL,8,0,8,,FOTQ0242,FORD FESTIVA. SAL,,8,,FOTQ0242,FORD FESTIVA. SAL,,
FOTQ0243,FORD FESTIVA. ENT,13,0,13,,FOTQ0243,FORD FESTIVA. ENT,,13,,FOTQ0243,FORD FESTIVA. ENT,,
JETQ0244,JEEP WRANGLER. R,5,0,5,,JETQ0244,JEEP WRANGLER. R,,5,,JETQ0244,JEEP WRANGLER. R,,
JETQ0245,JEEP RUBICON ,1,0,1,,JETQ0245,JEEP RUBICON ,,1,,JETQ0245,JEEP RUBICON ,,
JETQ0246,JEEP RUBICON ,2,0,2,,JETQ0246,JEEP RUBICON ,,2,,JETQ0246,JEEP RUBICON ,,
JETQ0247,JEEP RUBICON ,15,0,15,,JETQ0247,JEEP RUBICON ,,15,,JETQ0247,JEEP RUBICON ,,
JETQ0248,JEEP RUBICON ,2,0,2,,JETQ0248,JEEP RUBICON ,,2,,JETQ0248,JEEP RUBICON ,,
JETQ0249,JEEP LIBERTY /KK 62.ENT,10,0,10,,JETQ0249,JEEP LIBERTY /KK 62.ENT,,10,,JETQ0249,JEEP LIBERTY /KK 62.ENT,,
JETQ0250,JEEP CHEROKE 4G. ENT ,6,0,6,,JETQ0250,JEEP CHEROKE 4G. ENT ,,6,,JETQ0250,JEEP CHEROKE 4G. ENT ,,
JETQ0251,JEEP CHEROKE 54 / 4 G. ENT,5,0,5,,JETQ0251,JEEP CHEROKE 54 / 4 G. ENT,,5,,JETQ0251,JEEP CHEROKE 54 / 4 G. ENT,,
JETQ0252,JEEP CHEROKE 99-05 54,13,0,13,,JETQ0252,JEEP CHEROKE 99-05 54,,13,,JETQ0252,JEEP CHEROKE 99-05 54,,
JETQ0253,JEEP CHEROKE 999-05 57,33,0,33,,JETQ0253,JEEP CHEROKE 999-05 57,,33,,JETQ0253,JEEP CHEROKE 999-05 57,,
JETQ0254,JEEP 8CL .ENT,30,0,30,,JETQ0254,JEEP 8CL .ENT,,30,,JETQ0254,JEEP 8CL .ENT,,
TOTQ0255,TOYOTA AUTANA. ENTRADA,1,0,1,,TOTQ0255,TOYOTA AUTANA. ENTRADA,,1,,TOTQ0255,TOYOTA AUTANA. ENTRADA,,
TOTQ0256,TOYOTA AUTANA. SAL,4,0,4,,TOTQ0256,TOYOTA AUTANA. SAL,,4,,TOTQ0256,TOYOTA AUTANA. SAL,,
TOTQ0257,TOYOTA LAND CRUISER. ENT,2,0,2,,TOTQ0257,TOYOTA LAND CRUISER. ENT,,2,,TOTQ0257,TOYOTA LAND CRUISER. ENT,,
TOTQ0258,TOYOTA STARLET. SAL/ENT,15,0,15,,TOTQ0258,TOYOTA STARLET. SAL/ENT,,15,,TOTQ0258,TOYOTA STARLET. SAL/ENT,,
TOTQ0259,TOYOTA 4RUNNER  62. SAL,8,0,8,,TOTQ0259,TOYOTA 4RUNNER  62. SAL,,8,,TOTQ0259,TOYOTA 4RUNNER  62. SAL,,
TOTQ0260,TOYOTA 4RUNNER RORAIMA. ENT,3,0,3,,TOTQ0260,TOYOTA 4RUNNER RORAIMA. ENT,,3,,TOTQ0260,TOYOTA 4RUNNER RORAIMA. ENT,,
TOTQ0261,TOYOTA 4RUNNER PRADO 03-11.ENT ,8,0,8,,TOTQ0261,TOYOTA 4RUNNER PRADO 03-11.ENT ,,8,,TOTQ0261,TOYOTA 4RUNNER PRADO 03-11.ENT ,,
TOTQ0262,TOYOTA 4RUNNER TUBITO,4,0,4,,TOTQ0262,TOYOTA 4RUNNER TUBITO,,4,,TOTQ0262,TOYOTA 4RUNNER TUBITO,,
TOTQ0263,TOYOTA 4RUNNER 8CL 62,2,0,2,,TOTQ0263,TOYOTA 4RUNNER 8CL 62,,2,,TOTQ0263,TOYOTA 4RUNNER 8CL 62,,
TOTQ0264,TOYOTA LEXUS CX 470 03-09. SAL,3,0,3,,TOTQ0264,TOYOTA LEXUS CX 470 03-09. SAL,,3,,TOTQ0264,TOYOTA LEXUS CX 470 03-09. SAL,,
TOTQ0265,TOYOTA LEXUS CX 470 03-09. SAL.G,4,0,4,,TOTQ0265,TOYOTA LEXUS CX 470 03-09. SAL.G,,4,,TOTQ0265,TOYOTA LEXUS CX 470 03-09. SAL.G,,
TOTQ0266,TOYOTA LEXUS HIGLANDER 04-07. ENT,1,0,1,,TOTQ0266,TOYOTA LEXUS HIGLANDER 04-07. ENT,,1,,TOTQ0266,TOYOTA LEXUS HIGLANDER 04-07. ENT,,
TOTQ0267,TOYOTA LEXUS HIGLANDER 98-03. SAL,1,0,1,,TOTQ0267,TOYOTA LEXUS HIGLANDER 98-03. SAL,,1,,TOTQ0267,TOYOTA LEXUS HIGLANDER 98-03. SAL,,
TOTQ0268,TOYOTA LEXUS 8 CL  03-09. SAL,1,0,1,,TOTQ0268,TOYOTA LEXUS 8 CL  03-09. SAL,,1,,TOTQ0268,TOYOTA LEXUS 8 CL  03-09. SAL,,
TOTQ0269,TOYOTA LEXUS HIGLANDER 98-03. ENT,2,0,2,,TOTQ0269,TOYOTA LEXUS HIGLANDER 98-03. ENT,,2,,TOTQ0269,TOYOTA LEXUS HIGLANDER 98-03. ENT,,
TOTQ0270,TOYOTA LEXUS HIGLANDER FINO 01-07,1,0,1,,TOTQ0270,TOYOTA LEXUS HIGLANDER FINO 01-07,,1,,TOTQ0270,TOYOTA LEXUS HIGLANDER FINO 01-07,,
TOTQ0271,TOYOTA CAMRY/LEXUS FINO 92-93. ENT,2,0,2,,TOTQ0271,TOYOTA CAMRY/LEXUS FINO 92-93. ENT,,2,,TOTQ0271,TOYOTA CAMRY/LEXUS FINO 92-93. ENT,,
TOTQ0272,TOYOTA LEXUS  77 1/2. ENT,2,0,2,,TOTQ0272,TOYOTA LEXUS  77 1/2. ENT,,2,,TOTQ0272,TOYOTA LEXUS  77 1/2. ENT,,
TOTQ0273,TOYOTA AVALON/ CAMRY 2011. ENT,2,0,2,,TOTQ0273,TOYOTA AVALON/ CAMRY 2011. ENT,,2,,TOTQ0273,TOYOTA AVALON/ CAMRY 2011. ENT,,
TOTQ0274,TOYOTA AVALON. FINO . ENT,3,0,3,,TOTQ0274,TOYOTA AVALON. FINO . ENT,,3,,TOTQ0274,TOYOTA AVALON. FINO . ENT,,
TOTQ0275,TOYOTA CAMRY 79CM.SAL ,2,0,2,,TOTQ0275,TOYOTA CAMRY 79CM.SAL ,,2,,TOTQ0275,TOYOTA CAMRY 79CM.SAL ,,
TOTQ0276,TOYOTA CAMRY 07-08.ENT ,2,0,2,,TOTQ0276,TOYOTA CAMRY 07-08.ENT ,,2,,TOTQ0276,TOYOTA CAMRY 07-08.ENT ,,
TOTQ0277,TOYOTA LAND CRUISER/ PRADO. ENT,8,0,8,,TOTQ0277,TOYOTA LAND CRUISER/ PRADO. ENT,,8,,TOTQ0277,TOYOTA LAND CRUISER/ PRADO. ENT,,
TOTQ0278,TOYOTA CAMRY 73 1/2. SAL,2,0,2,,TOTQ0278,TOYOTA CAMRY 73 1/2. SAL,,2,,TOTQ0278,TOYOTA CAMRY 73 1/2. SAL,,
TOTQ0279,TOYOTA  CAMRY  73. SAL,2,0,2,,TOTQ0279,TOYOTA  CAMRY  73. SAL,,2,,TOTQ0279,TOYOTA  CAMRY  73. SAL,,
TOTQ0280,TOYOTA DINA. SAL,2,0,2,,TOTQ0280,TOYOTA DINA. SAL,,2,,TOTQ0280,TOYOTA DINA. SAL,,
TOTQ0281,TOYOTA DINA. ENT,5,0,5,,TOTQ0281,TOYOTA DINA. ENT,,5,,TOTQ0281,TOYOTA DINA. ENT,,
TOTQ0282,TOYOTA COSTER ,14,0,14,,TOTQ0282,TOYOTA COSTER ,,14,,TOTQ0282,TOYOTA COSTER ,,
TOTQ0283,TOYOTA MACHITO. ENT,7,0,7,,TOTQ0283,TOYOTA MACHITO. ENT,,7,,TOTQ0283,TOYOTA MACHITO. ENT,,
TOTQ0284,TOYOTA MACHITO. SAL,7,0,7,,TOTQ0284,TOYOTA MACHITO. SAL,,7,,TOTQ0284,TOYOTA MACHITO. SAL,,
TOTQ0285,TOYOTA HILUX. SAL,10,0,10,,TOTQ0285,TOYOTA HILUX. SAL,,10,,TOTQ0285,TOYOTA HILUX. SAL,,
TOTQ0286,TOYOTA HILUX. ENT ,13,0,13,,TOTQ0286,TOYOTA HILUX. ENT ,,13,,TOTQ0286,TOYOTA HILUX. ENT ,,
TOTQ0287,TOYOTA TACOMA RAYADO. ENT ,1,0,1,,TOTQ0287,TOYOTA TACOMA RAYADO. ENT ,,1,,TOTQ0287,TOYOTA TACOMA RAYADO. ENT ,,
TOTQ0288,TOYOTA HILUX 54. R,7,0,7,,TOTQ0288,TOYOTA HILUX 54. R,,7,,TOTQ0288,TOYOTA HILUX 54. R,,
TOTQ0289,TOYOTA TACOMA 05-06. ENT,4,0,4,,TOTQ0289,TOYOTA TACOMA 05-06. ENT,,4,,TOTQ0289,TOYOTA TACOMA 05-06. ENT,,
TOTQ0290,TOYOTA TACOMA  05-06. SAL,3,0,3,,TOTQ0290,TOYOTA TACOMA  05-06. SAL,,3,,TOTQ0290,TOYOTA TACOMA  05-06. SAL,,
TOTQ0291,TOYOTA SOLANA 57. SAL,2,0,2,,TOTQ0291,TOYOTA SOLANA 57. SAL,,2,,TOTQ0291,TOYOTA SOLANA 57. SAL,,
TOTQ0292,TOYOTA SOLANA 57. ENT,2,0,2,,TOTQ0292,TOYOTA SOLANA 57. ENT,,2,,TOTQ0292,TOYOTA SOLANA 57. ENT,,
TOTQ0293,TOYOTA TUNDRA. ENT ,3,0,3,,TOTQ0293,TOYOTA TUNDRA. ENT ,,3,,TOTQ0293,TOYOTA TUNDRA. ENT ,,
TOTQ0294,TOYOTA 4RUNNER/LAND CRUISER 2011. ENT,5,0,5,,TOTQ0294,TOYOTA 4RUNNER/LAND CRUISER 2011. ENT,,5,,TOTQ0294,TOYOTA 4RUNNER/LAND CRUISER 2011. ENT,,
TOTQ0295,TOYOTA COROLLA 98-99. ENT,3,0,3,,TOTQ0295,TOYOTA COROLLA 98-99. ENT,,3,,TOTQ0295,TOYOTA COROLLA 98-99. ENT,,
TOTQ0296,TOYOTA COROLLA 90-93.ENT,4,0,4,,TOTQ0296,TOYOTA COROLLA 90-93.ENT,,4,,TOTQ0296,TOYOTA COROLLA 90-93.ENT,,
TOTQ0297,TOYOTA COROLLA GRUESO . ENT,1,0,1,,TOTQ0297,TOYOTA COROLLA GRUESO . ENT,,1,,TOTQ0297,TOYOTA COROLLA GRUESO . ENT,,
TOTQ0298,TOYOTA COROLLA FINO 73CM. ENT,1,0,1,,TOTQ0298,TOYOTA COROLLA FINO 73CM. ENT,,1,,TOTQ0298,TOYOTA COROLLA FINO 73CM. ENT,,
TOTQ0299,TOYOTA COROLLA 87-91.SAL,1,0,1,,TOTQ0299,TOYOTA COROLLA 87-91.SAL,,1,,TOTQ0299,TOYOTA COROLLA 87-91.SAL,,
TOTQ0300,TOYOTA CELICA . ENT,1,0,1,,TOTQ0300,TOYOTA CELICA . ENT,,1,,TOTQ0300,TOYOTA CELICA . ENT,,
TOTQ0301,TOYOTA BABYCAMRY 1.6. ENT,2,0,2,,TOTQ0301,TOYOTA BABYCAMRY 1.6. ENT,,2,,TOTQ0301,TOYOTA BABYCAMRY 1.6. ENT,,
TOTQ0302,TOYOTA BABYCAMRY  75CM. ENT,3,0,3,,TOTQ0302,TOYOTA BABYCAMRY  75CM. ENT,,3,,TOTQ0302,TOYOTA BABYCAMRY  75CM. ENT,,
TOTQ0303,TOYOTA BABY CAMRY  76 CM. ENT,2,0,2,,TOTQ0303,TOYOTA BABY CAMRY  76 CM. ENT,,2,,TOTQ0303,TOYOTA BABY CAMRY  76 CM. ENT,,
TOTQ0304,TOYOTA BABY CAMRY  73CM. ENT,1,0,1,,TOTQ0304,TOYOTA BABY CAMRY  73CM. ENT,,1,,TOTQ0304,TOYOTA BABY CAMRY  73CM. ENT,,
TOTQ0305,TOYOTA SENSACION/ PREVIA . SAL,42,0,42,,TOTQ0305,TOYOTA SENSACION/ PREVIA . SAL,,42,,TOTQ0305,TOYOTA SENSACION/ PREVIA . SAL,,
TOTQ0306,TOYOTA ARAYA,13,0,13,,TOTQ0306,TOYOTA ARAYA,,13,,TOTQ0306,TOYOTA ARAYA,,
TOTQ0307,TOYOTA MONTA CARGA,19,0,19,,TOTQ0307,TOYOTA MONTA CARGA,,19,,TOTQ0307,TOYOTA MONTA CARGA,,
TOTQ0308,TOYOTA 4RUNNER 96-02. ENT ,14,0,14,,TOTQ0308,TOYOTA 4RUNNER 96-02. ENT ,,14,,TOTQ0308,TOYOTA 4RUNNER 96-02. ENT ,,
TOTQ0309,TOYOTA BABY CAMRY 1.8. ENT,9,0,9,,TOTQ0309,TOYOTA BABY CAMRY 1.8. ENT,,9,,TOTQ0309,TOYOTA BABY CAMRY 1.8. ENT,,
TOTQ0310,TOYOTA BABY CAMRY 1.6. ENT,5,0,5,,TOTQ0310,TOYOTA BABY CAMRY 1.6. ENT,,5,,TOTQ0310,TOYOTA BABY CAMRY 1.6. ENT,,
TOTQ0311,TOYOTA CAMRY OTROS. SAL,12,0,12,,TOTQ0311,TOYOTA CAMRY OTROS. SAL,,12,,TOTQ0311,TOYOTA CAMRY OTROS. SAL,,
TOTQ0312,TOYOTA  RAV-4 ENT,37,0,37,,TOTQ0312,TOYOTA  RAV-4 ENT,,37,,TOTQ0312,TOYOTA  RAV-4 ENT,,
TOTQ0313,TOYOTA RAV. 4 SAL ,2,0,2,,TOTQ0313,TOYOTA RAV. 4 SAL ,,2,,TOTQ0313,TOYOTA RAV. 4 SAL ,,
TOTQ0314,TOYOTA RAV. 4  76 CM. ENT,3,0,3,,TOTQ0314,TOYOTA RAV. 4  76 CM. ENT,,3,,TOTQ0314,TOYOTA RAV. 4  76 CM. ENT,,
TOTQ0315,TOYOTA TERIOS. ENT ,10,0,10,,TOTQ0315,TOYOTA TERIOS. ENT ,,10,,TOTQ0315,TOYOTA TERIOS. ENT ,,
TOTQ0316,TOYOTA TERIOS 56 1/2. ENT CON TUBITO,7,0,7,,TOTQ0316,TOYOTA TERIOS 56 1/2. ENT CON TUBITO,,7,,TOTQ0316,TOYOTA TERIOS 56 1/2. ENT CON TUBITO,,
TOTQ0317,TOYOTA TERIOS 58CM. SAL,6,0,6,,TOTQ0317,TOYOTA TERIOS 58CM. SAL,,6,,TOTQ0317,TOYOTA TERIOS 58CM. SAL,,
TOTQ0318,TOYOTA TERIOS 56 1/2. SAL,1,0,1,,TOTQ0318,TOYOTA TERIOS 56 1/2. SAL,,1,,TOTQ0318,TOYOTA TERIOS 56 1/2. SAL,,
TOTQ0319,TOYOTA SIENNA 3.3 07-09. SAL,8,0,8,,TOTQ0319,TOYOTA SIENNA 3.3 07-09. SAL,,8,,TOTQ0319,TOYOTA SIENNA 3.3 07-09. SAL,,
TOTQ0320,TOYOTA SIENNA 3.3 BOQUETON LARGO,2,0,2,,TOTQ0320,TOYOTA SIENNA 3.3 BOQUETON LARGO,,2,,TOTQ0320,TOYOTA SIENNA 3.3 BOQUETON LARGO,,
TOTQ0321,TOYOTA SIENNA. ENT,1,0,1,,TOTQ0321,TOYOTA SIENNA. ENT,,1,,TOTQ0321,TOYOTA SIENNA. ENT,,
TOTQ0322,TOYOTA SIENNA 2.5. SAL,1,0,1,,TOTQ0322,TOYOTA SIENNA 2.5. SAL,,1,,TOTQ0322,TOYOTA SIENNA 2.5. SAL,,
TOTQ0323,TOYOTA SIENNA ROW HD,5,0,5,,TOTQ0323,TOYOTA SIENNA ROW HD,,5,,TOTQ0323,TOYOTA SIENNA ROW HD,,
TOTQ0324,TOYOTA BURBUJA. ENT,2,0,2,,TOTQ0324,TOYOTA BURBUJA. ENT,,2,,TOTQ0324,TOYOTA BURBUJA. ENT,,
TOTQ0325,TOYOTA BURBUJA. SAL,2,0,2,,TOTQ0325,TOYOTA BURBUJA. SAL,,2,,TOTQ0325,TOYOTA BURBUJA. SAL,,
TOTQ0326,TOYOTA H3 HUMMER,11,0,11,,TOTQ0326,TOYOTA H3 HUMMER,,11,,TOTQ0326,TOYOTA H3 HUMMER,,
NITQ0327,NISSAN MURANOO. R,8,0,8,,NITQ0327,NISSAN MURANOO. R,,8,,NITQ0327,NISSAN MURANOO. R,,
NITQ0328,NISSAN ALTIMA/ MURANO 2-06. ENT,1,0,1,,NITQ0328,NISSAN ALTIMA/ MURANO 2-06. ENT,,1,,NITQ0328,NISSAN ALTIMA/ MURANO 2-06. ENT,,
NITQ0329,NISSAN ALTIMA/ MURANO 02-05.SAL,3,0,3,,NITQ0329,NISSAN ALTIMA/ MURANO 02-05.SAL,,3,,NITQ0329,NISSAN ALTIMA/ MURANO 02-05.SAL,,
NITQ0330,NISSAN MURANO ANCHO. ENT,3,0,3,,NITQ0330,NISSAN MURANO ANCHO. ENT,,3,,NITQ0330,NISSAN MURANO ANCHO. ENT,,
NITQ0331,NISSAN TIIDA 04-11 1.6. ENT 62,1,0,1,,NITQ0331,"NISSAN TIIDA 04-11, 1.6. ENT 62",,1,,NITQ0331,"NISSAN TIIDA 04-11, 1.6. ENT 62",,
NITQ0332,NISSAN TIIDA DE SALIDA. GURESO ,4,0,4,,NITQ0332,NISSAN TIIDA DE SALIDA. GURESO ,,4,,NITQ0332,NISSAN TIIDA DE SALIDA. GURESO ,,
NITQ0333,NISSAN TIIDA DE ENTRADA  61,14,0,14,,NITQ0333,NISSAN TIIDA DE ENTRADA  61,,14,,NITQ0333,NISSAN TIIDA DE ENTRADA  61,,
NITQ0334,NISSAN TIIDA VERSA 04-11. ENT,23,0,23,,NITQ0334,NISSAN TIIDA VERSA 04-11. ENT,,23,,NITQ0334,NISSAN TIIDA VERSA 04-11. ENT,,
NITQ0335,NISSAN TIIDA VERSA 61 CM . ENT,1,0,1,,NITQ0335,NISSAN TIIDA VERSA 61 CM . ENT,,1,,NITQ0335,NISSAN TIIDA VERSA 61 CM . ENT,,
NITQ0336,NISSAN TIIDA CUBE 07-08. R,34,0,34,,NITQ0336,NISSAN TIIDA CUBE 07-08. R,,34,,NITQ0336,NISSAN TIIDA CUBE 07-08. R,,
NITQ0337,NISSAN TIIDA CUBE ENT,16,0,16,,NITQ0337,NISSAN TIIDA CUBE ENT,,16,,NITQ0337,NISSAN TIIDA CUBE ENT,,
NITQ0338,NISSAN FRONTIER 3.3. ENT ,18,0,18,,NITQ0338,NISSAN FRONTIER 3.3. ENT ,,18,,NITQ0338,NISSAN FRONTIER 3.3. ENT ,,
NITQ0339,NISSAN  SENTRA 07-08 1.6 ENT,2,0,2,,NITQ0339,NISSAN  SENTRA 07-08 1.6 ENT,,2,,NITQ0339,NISSAN  SENTRA 07-08 1.6 ENT,,
NITQ0340,NISSAN  PATROL,0,0,0,,NITQ0340,NISSAN  PATROL,,,,NITQ0340,NISSAN  PATROL,,
NITQ0341,NISSAN SENTRA  16. SAL,5,0,5,,NITQ0341,NISSAN SENTRA  16. SAL,,5,,NITQ0341,NISSAN SENTRA  16. SAL,,
NITQ0342,NISSAN SENTRA 15. SAL,10,0,10,,NITQ0342,NISSAN SENTRA 15. SAL,,10,,NITQ0342,NISSAN SENTRA 15. SAL,,
NITQ0343,NISSAN SENTRA 15. ENT,0,0,0,,NITQ0343,NISSAN SENTRA 15. ENT,,,,NITQ0343,NISSAN SENTRA 15. ENT,,
NITQ0344,NISSAN SENTRA 13. SAL,57,0,57,,NITQ0344,NISSAN SENTRA 13. SAL,,57,,NITQ0344,NISSAN SENTRA 13. SAL,,
NITQ0345,NISSAN SENTRA 13. ENT,5,0,5,,NITQ0345,NISSAN SENTRA 13. ENT,,5,,NITQ0345,NISSAN SENTRA 13. ENT,,
NITQ0346,NISSAN SENTRA PATHFINDER INFINITE. ENT,1,0,1,,NITQ0346,NISSAN SENTRA PATHFINDER INFINITE. ENT,,1,,NITQ0346,NISSAN SENTRA PATHFINDER INFINITE. ENT,,
NITQ0347,NISSAN D.21. ENT,5,0,5,,NITQ0347,NISSAN D.21. ENT,,5,,NITQ0347,NISSAN D.21. ENT,,
NITQ0348,NISSAN D. 21. SAL,6,0,6,,NITQ0348,NISSAN D. 21. SAL,,6,,NITQ0348,NISSAN D. 21. SAL,,
NITQ0349,NISSAN ALTIMA. R,8,0,8,,NITQ0349,NISSAN ALTIMA. R,,8,,NITQ0349,NISSAN ALTIMA. R,,
NITQ0350,NISSAN B-13 GRUESO . SAL,16,0,16,,NITQ0350,NISSAN B-13 GRUESO . SAL,,16,,NITQ0350,NISSAN B-13 GRUESO . SAL,,
NITQ0351,NISSAN Z 350. SAL,3,0,3,,NITQ0351,NISSAN Z 350. SAL,,3,,NITQ0351,NISSAN Z 350. SAL,,
NITQ0352,NISSAN ALTIMA 02-03. SAL,5,0,5,,NITQ0352,NISSAN ALTIMA 02-03. SAL,,5,,NITQ0352,NISSAN ALTIMA 02-03. SAL,,
NITQ0353,NISSAN ALTIMA GRUESO. ENT,1,0,1,,NITQ0353,NISSAN ALTIMA GRUESO. ENT,,1,,NITQ0353,NISSAN ALTIMA GRUESO. ENT,,
NITQ0354,NISSAN ALTIMA BOQUETON  75CM. ENT,2,0,2,,NITQ0354,NISSAN ALTIMA BOQUETON  75CM. ENT,,2,,NITQ0354,NISSAN ALTIMA BOQUETON  75CM. ENT,,
NITQ0355,NISSAN MURANO 75CM. ENT,4,0,4,,NITQ0355,NISSAN MURANO 75CM. ENT,,4,,NITQ0355,NISSAN MURANO 75CM. ENT,,
NITQ0356,NISSAN XTRIL. ENT,5,0,5,,NITQ0356,NISSAN XTRIL. ENT,,5,,NITQ0356,NISSAN XTRIL. ENT,,
BMTQ0357,BMW RAYADO BOQUETON. R,3,0,3,,BMTQ0357,BMW RAYADO BOQUETON. R,,3,,BMTQ0357,BMW RAYADO BOQUETON. R,,
BMTQ0358,BMW 3.5 BOQUETON. R,5,0,5,,BMTQ0358,BMW 3.5 BOQUETON. R,,5,,BMTQ0358,BMW 3.5 BOQUETON. R,,
BMTQ0359,BMW 47CM. R,10,0,10,,BMTQ0359,BMW 47CM. R,,10,,BMTQ0359,BMW 47CM. R,,
BMTQ0360,BMW 1999 47 CM. R,3,0,3,,BMTQ0360,BMW 1999 47 CM. R,,3,,BMTQ0360,BMW 1999 47 CM. R,,
BMTQ0361,BMW 325. R,2,0,2,,BMTQ0361,BMW 325. R,,2,,BMTQ0361,BMW 325. R,,
BMTQ0362,BMW 318. 51CM. R,1,0,1,,BMTQ0362,BMW 318. 51CM. R,,1,,BMTQ0362,BMW 318. 51CM. R,,
WVTQ0363,VOLSKWAGEN GOLF. R,9,0,9,,WVTQ0363,VOLSKWAGEN GOLF. R,,9,,WVTQ0363,VOLSKWAGEN GOLF. R,,
WVTQ0364,VOLSKWAGEN CADDY. R,2,0,2,,WVTQ0364,VOLSKWAGEN CADDY. R,,2,,WVTQ0364,VOLSKWAGEN CADDY. R,,
WVTQ0365,VOLSKWAGENJEETA. ENT,3,0,3,,WVTQ0365,VOLSKWAGENJEETA. ENT,,3,,WVTQ0365,VOLSKWAGENJEETA. ENT,,
WVTQ0366,VOLSKWAGEN JEETA. SAL,24,0,24,,WVTQ0366,VOLSKWAGEN JEETA. SAL,,24,,WVTQ0366,VOLSKWAGEN JEETA. SAL,,
WVTQ0367,VOLSKWAGEN GOL. R,25,0,25,,WVTQ0367,VOLSKWAGEN GOL. R,,25,,WVTQ0367,VOLSKWAGEN GOL. R,,
WVTQ0368,VOLSKWAGEN FOX 2005. R,11,0,11,,WVTQ0368,VOLSKWAGEN FOX 2005. R,,11,,WVTQ0368,VOLSKWAGEN FOX 2005. R,,
KITQ0369,KIA PICANTO. ENT,21,0,21,,KITQ0369,KIA PICANTO. ENT,,21,,KITQ0369,KIA PICANTO. ENT,,
KITQ0370,KIA PICANTO. SAL,8,0,8,,KITQ0370,KIA PICANTO. SAL,,8,,KITQ0370,KIA PICANTO. SAL,,
KITQ0371,KIA SPORTAGE.R,15,0,15,,KITQ0371,KIA SPORTAGE.R,,15,,KITQ0371,KIA SPORTAGE.R,,
KITQ0372,KIA SEDONA / CARNIVAL 2001.R,4,0,4,,KITQ0372,KIA SEDONA / CARNIVAL 2001.R,,4,,KITQ0372,KIA SEDONA / CARNIVAL 2001.R,,
KITQ0373,KIA SEDONA MINI 02-05 3.5.R,3,0,3,,KITQ0373,KIA SEDONA MINI 02-05 3.5.R,,3,,KITQ0373,KIA SEDONA MINI 02-05 3.5.R,,
KITQ0374,KIA SEDONA MINI. RAYADO,6,0,6,,KITQ0374,KIA SEDONA MINI. RAYADO,,6,,KITQ0374,KIA SEDONA MINI. RAYADO,,
KITQ0375,KIA SEDONA MINI BOQUETON,3,0,3,,KITQ0375,KIA SEDONA MINI BOQUETON,,3,,KITQ0375,KIA SEDONA MINI BOQUETON,,
KITQ0376,KIA CARENS. RAYADO. SAL,12,0,12,,KITQ0376,KIA CARENS. RAYADO. SAL,,12,,KITQ0376,KIA CARENS. RAYADO. SAL,,
KITQ0377,KIA RIO. RAYADO 65. SAL,2,0,2,,KITQ0377,KIA RIO. RAYADO 65. SAL,,2,,KITQ0377,KIA RIO. RAYADO 65. SAL,,
KITQ0378,KIA RIORAYADO. 67. SAL,2,0,2,,KITQ0378,KIA RIORAYADO. 67. SAL,,2,,KITQ0378,KIA RIORAYADO. 67. SAL,,
KITQ0379,KIA RIO 69. ENT,1,0,1,,KITQ0379,KIA RIO 69. ENT,,1,,KITQ0379,KIA RIO 69. ENT,,
KITQ0380,KIA CARENS WA 70. ENT,10,0,10,,KITQ0380,KIA CARENS WA 70. ENT,,10,,KITQ0380,KIA CARENS WA 70. ENT,,
KITQ0381,KIA  RIO STILUS. SAL,8,0,8,,KITQ0381,KIA  RIO STILUS. SAL,,8,,KITQ0381,KIA  RIO STILUS. SAL,,
KITQ0382,KIA  RIO RAYADO 65. ENT,30,0,30,,KITQ0382,KIA  RIO RAYADO 65. ENT,,30,,KITQ0382,KIA  RIO RAYADO 65. ENT,,
KITQ0383,KIA RIO LISO. SAL,13,0,13,,KITQ0383,KIA RIO LISO. SAL,,13,,KITQ0383,KIA RIO LISO. SAL,,
KITQ0384,KIA CERATO 04-06. ENT,16,0,16,,KITQ0384,KIA CERATO 04-06. ENT,,16,,KITQ0384,KIA CERATO 04-06. ENT,,
KITQ0385,KIA RIO 2005. ENT ,7,0,7,,KITQ0385,KIA RIO 2005. ENT ,,7,,KITQ0385,KIA RIO 2005. ENT ,,
KITQ0386,KIA CARNIVAL 06. ENT,11,0,11,,KITQ0386,KIA CARNIVAL 06. ENT,,11,,KITQ0386,KIA CARNIVAL 06. ENT,,
KITQ0387,KIA PREGIO. ENT,12,0,12,,KITQ0387,KIA PREGIO. ENT,,12,,KITQ0387,KIA PREGIO. ENT,,
KITQ0388,KIA RIO 01-03 ENT,20,0,20,,KITQ0388,KIA RIO 01-03 ENT,,20,,KITQ0388,KIA RIO 01-03 ENT,,
MITQ0389,MITSUBICHI. MIRAGE . SAL,16,0,16,,MITQ0389,MITSUBICHI. MIRAGE . SAL,,16,,MITQ0389,MITSUBICHI. MIRAGE . SAL,,
MITQ0390,MITSUBICHI TRITON SPORTERO. ENT,4,0,4,,MITQ0390,MITSUBICHI TRITON SPORTERO. ENT,,4,,MITQ0390,MITSUBICHI TRITON SPORTERO. ENT,,
MITQ0391,MITSUBICHI TRITON SPORTERO . SAL,2,0,2,,MITQ0391,MITSUBICHI TRITON SPORTERO . SAL,,2,,MITQ0391,MITSUBICHI TRITON SPORTERO . SAL,,
MITQ0392,MITSUBICHI GRANDIS 04. ENT,2,0,2,,MITQ0392,MITSUBICHI GRANDIS 04. ENT,,2,,MITQ0392,MITSUBICHI GRANDIS 04. ENT,,
MITQ0393,MITSUBICHI MONTERO 1198. ENT,4,0,4,,MITQ0393,MITSUBICHI MONTERO 1198. ENT,,4,,MITQ0393,MITSUBICHI MONTERO 1198. ENT,,
MITQ0394,MITSUBICHI MONTERO SPORT  98-05,6,0,6,,MITQ0394,MITSUBICHI MONTERO SPORT  98-05,,6,,MITQ0394,MITSUBICHI MONTERO SPORT  98-05,,
MITQ0395,MITSUBICHI  OUTLANDER. SAL,26,0,26,,MITQ0395,MITSUBICHI  OUTLANDER. SAL,,26,,MITQ0395,MITSUBICHI  OUTLANDER. SAL,,
MITQ0396,MITSUBICHI OUTLANDER ENT,1,0,1,,MITQ0396,MITSUBICHI OUTLANDER ENT,,1,,MITQ0396,MITSUBICHI OUTLANDER ENT,,
MITQ0397,MITSUBICHI LANCER. ENT,34,0,34,,MITQ0397,MITSUBICHI LANCER. ENT,,34,,MITQ0397,MITSUBICHI LANCER. ENT,,
MITQ0398,MITSUBICHI GALANT. ENT ,8,0,8,,MITQ0398,MITSUBICHI GALANT. ENT ,,8,,MITQ0398,MITSUBICHI GALANT. ENT ,,
MITQ0399,MITSUBICHI GALANT 73CM. SAL,1,0,1,,MITQ0399,MITSUBICHI GALANT 73CM. SAL,,1,,MITQ0399,MITSUBICHI GALANT 73CM. SAL,,
MITQ0400,MITSUBICHI LANCER FINO MODELO VIEJO ENT,9,0,9,,MITQ0400,MITSUBICHI LANCER FINO MODELO VIEJO ENT,,9,,MITQ0400,MITSUBICHI LANCER FINO MODELO VIEJO ENT,,
MITQ0401,MITSUBICHI LANCER 68. SAL,7,0,7,,MITQ0401,MITSUBICHI LANCER 68. SAL,,7,,MITQ0401,MITSUBICHI LANCER 68. SAL,,
MITQ0402,MITSUBICHI LANCER  68 1/2. ENT,9,0,9,,MITQ0402,MITSUBICHI LANCER  68 1/2. ENT,,9,,MITQ0402,MITSUBICHI LANCER  68 1/2. ENT,,
MITQ0403,MITSUBICHI  LANCER FINO 2 TUBITOS. ENT,8,0,8,,MITQ0403,MITSUBICHI  LANCER FINO 2 TUBITOS. ENT,,8,,MITQ0403,MITSUBICHI  LANCER FINO 2 TUBITOS. ENT,,
MITQ0404,MITSUBICHI L300 R/SAL,8,0,8,,MITQ0404,MITSUBICHI L300 R/SAL,,8,,MITQ0404,MITSUBICHI L300 R/SAL,,
MITQ0405,MITSUBICHI L300. ENT,5,0,5,,MITQ0405,MITSUBICHI L300. ENT,,5,,MITQ0405,MITSUBICHI L300. ENT,,
MITQ0406,MITSUBICHI LANCER/ ECLIPSE 2.0R,8,0,8,,MITQ0406,MITSUBICHI LANCER/ ECLIPSE 2.0R,,8,,MITQ0406,MITSUBICHI LANCER/ ECLIPSE 2.0R,,
MITQ0407,MITSUBICHI LANCER 69 CM. SAL,6,0,6,,MITQ0407,MITSUBICHI LANCER 69 CM. SAL,,6,,MITQ0407,MITSUBICHI LANCER 69 CM. SAL,,
MITQ0408,MITSUBICHI LANCER 68. SAL,4,0,4,,MITQ0408,MITSUBICHI LANCER 68. SAL,,4,,MITQ0408,MITSUBICHI LANCER 68. SAL,,
MITQ0409,MITSUBICHI GALANT. 69 ENT,9,0,9,,MITQ0409,MITSUBICHI GALANT. 69 ENT,,9,,MITQ0409,MITSUBICHI GALANT. 69 ENT,,
MITQ0410,MITSUBICHI GALANT  73 1/2. ENT,3,0,3,,MITQ0410,MITSUBICHI GALANT  73 1/2. ENT,,3,,MITQ0410,MITSUBICHI GALANT  73 1/2. ENT,,
MITQ0411,MITSUBICHI GALANT  68 1/2 ENT,4,0,4,,MITQ0411,MITSUBICHI GALANT  68 1/2 ENT,,4,,MITQ0411,MITSUBICHI GALANT  68 1/2 ENT,,
MITQ0412,MITSUBICHI OUTLANDER  07-08 2.0. R,11,0,11,,MITQ0412,MITSUBICHI OUTLANDER  07-08 2.0. R,,11,,MITQ0412,MITSUBICHI OUTLANDER  07-08 2.0. R,,
MITQ0413,MITSUBICHI OUTLANDER BOQUETON,4,0,4,,MITQ0413,MITSUBICHI OUTLANDER BOQUETON,,4,,MITQ0413,MITSUBICHI OUTLANDER BOQUETON,,
DETQ0414,DAEWO NUBIRA 97-02.R,22,0,22,,DETQ0414,DAEWO NUBIRA 97-02.R,,22,,DETQ0414,DAEWO NUBIRA 97-02.R,,
DETQ0415,DAEWO CIELO. R,6,0,6,,DETQ0415,DAEWO CIELO. R,,6,,DETQ0415,DAEWO CIELO. R,,
DETQ0416,DAEWO CIELO SPERO.R,5,0,5,,DETQ0416,DAEWO CIELO SPERO.R,,5,,DETQ0416,DAEWO CIELO SPERO.R,,
DETQ0417,DAEWO CIELO CON SERPENTINA. SAL,6,0,6,,DETQ0417,DAEWO CIELO CON SERPENTINA. SAL,,6,,DETQ0417,DAEWO CIELO CON SERPENTINA. SAL,,
DETQ0418,DAEWO MATIZ.R,0,0,0,,DETQ0418,DAEWO MATIZ.R,,16,,DETQ0418,DAEWO MATIZ.R,,
DETQ0419,DAEWO LENOS. R,0,0,0,,DETQ0419,DAEWO LENOS. R,,20,,DETQ0419,DAEWO LENOS. R,,
CYTQ0420,NEON CRHYSLER 66CM.R,4,0,4,,CYTQ0420,NEON CRHYSLER 66CM.R,,4,,CYTQ0420,NEON CRHYSLER 66CM.R,,
CYTQ0421,NEON CHRYSLER. 62 CM,3,0,3,,CYTQ0421,NEON CHRYSLER. 62 CM,,3,,CYTQ0421,NEON CHRYSLER. 62 CM,,
CYTQ0422,NEON CHRYSLER 63. CM,2,0,2,,CYTQ0422,NEON CHRYSLER 63. CM,,2,,CYTQ0422,NEON CHRYSLER 63. CM,,
TOTQ0423,TOYOTA YARIS SALIDA VIEJO,5,0,5,,TOTQ0423,TOYOTA YARIS SALIDA VIEJO,,5,,TOTQ0423,TOYOTA YARIS SALIDA VIEJO,,
TOTQ0424,TOYOTA YARIS 2006 SAL,4,0,4,,TOTQ0424,TOYOTA YARIS 2006 SAL,,4,,TOTQ0424,TOYOTA YARIS 2006 SAL,,
TOTQ0425,TOYOTA YARIS 2006 ENT,6,0,6,,TOTQ0425,TOYOTA YARIS 2006 ENT,,6,,TOTQ0425,TOYOTA YARIS 2006 ENT,,
HYTQ0426,HYUNDAI TUCSON RAYADO ENT,7,0,7,,HYTQ0426,HYUNDAI TUCSON RAYADO ENT,,7,,HYTQ0426,HYUNDAI TUCSON RAYADO ENT,,
RETQ0427,RENAULT KANGOO ENT,9,0,9,,RETQ0427,RENAULT KANGOO ENT,,9,,RETQ0427,RENAULT KANGOO ENT,,
RETQ0428,RENAULT KANGOO SAL,4,0,4,,RETQ0428,RENAULT KANGOO SAL,,4,,RETQ0428,RENAULT KANGOO SAL,,
CHTQ0429,CHEVROLET RAV4 ENT,3,0,3,,CHTQ0429,CHEVROLET RAV4 ENT,,3,,CHTQ0429,CHEVROLET RAV4 ENT,,
TOTQ0430,TOYOTA COROLLA SENSACION SAL,6,0,6,,TOTQ0430,TOYOTA COROLLA SENSACION SAL,,6,,TOTQ0430,TOYOTA COROLLA SENSACION SAL,,
TOTQ0431,TOYOTA COROLLA POLICIA ENT,10,0,10,,TOTQ0431,TOYOTA COROLLA POLICIA ENT,,10,,TOTQ0431,TOYOTA COROLLA POLICIA ENT,,
TOTQ0432,TOYOTA COROLLA MATRIX,5,0,5,,TOTQ0432,TOYOTA COROLLA MATRIX,,5,,TOTQ0432,TOYOTA COROLLA MATRIX,,
TOTQ0433,YARIS 2007 - 2013 ENT,7,0,7,,TOTQ0433,YARIS 2007 - 2013 ENT,,7,,TOTQ0433,YARIS 2007 - 2013 ENT,,
SUTQ0434,SUZUKI ESCUDO VITARA ENT,4,0,4,,SUTQ0434,SUZUKI ESCUDO VITARA ENT,,4,,SUTQ0434,SUZUKI ESCUDO VITARA ENT,,
JETQ0435,JEEP CHEROKE 4 G 60 CM ,12,0,12,,JETQ0435,JEEP CHEROKE 4 G 60 CM ,,12,,JETQ0435,JEEP CHEROKE 4 G 60 CM ,,
HYTQ0436,HYUNDAI ATOS RAYADO ENT,8,0,8,,HYTQ0436,HYUNDAI ATOS RAYADO ENT,,8,,HYTQ0436,HYUNDAI ATOS RAYADO ENT,,
TOTQ0437,TOYOTA PREVIA SAL,3,0,3,,TOTQ0437,TOYOTA PREVIA SAL,,3,,TOTQ0437,TOYOTA PREVIA SAL,,
TOTQ0438,TOYOTA PREVIA ENT,6,0,6,,TOTQ0438,TOYOTA PREVIA ENT,,6,,TOTQ0438,TOYOTA PREVIA ENT,,
CRTQ0439,CHERY TIGGO DOBLE PITILLO ENT,2,0,2,,CRTQ0439,CHERY TIGGO DOBLE PITILLO ENT,,2,,CRTQ0439,CHERY TIGGO DOBLE PITILLO ENT,,
TOTQ0440,BABY CAMRY 1.6 ENT ,4,0,4,,TOTQ0440,BABY CAMRY 1.6 ENT ,,4,,TOTQ0440,BABY CAMRY 1.6 ENT ,,
NITQ0441,NISSAN B15 ENT ,7,0,7,,NITQ0441,NISSAN B15 ENT ,,7,,NITQ0441,NISSAN B15 ENT ,,
TOTQ0442,TOYOTA YARIS NUEVO ,6,0,6,,TOTQ0442,TOYOTA YARIS NUEVO ,,6,,TOTQ0442,TOYOTA YARIS NUEVO ,,
PETQ0443,CITROEN/ PEGOUT ,2,0,2,,PETQ0443,CITROEN/ PEGOUT ,,2,,PETQ0443,CITROEN/ PEGOUT ,,
CHTQ0444,CHEVROLET DIMAX ENT,24,0,24,,CHTQ0444,CHEVROLET DIMAX ENT,,24,,CHTQ0444,CHEVROLET DIMAX ENT,,
TOTQ0445,TOYOTA TAHOE SAL,2,0,2,,TOTQ0445,TOYOTA TAHOE SAL,,2,,TOTQ0445,TOYOTA TAHOE SAL,,
FOTQ0446,FORD EDDIE WABUER SAL 59,2,0,2,,FOTQ0446,FORD EDDIE WABUER SAL 59,,2,,FOTQ0446,FORD EDDIE WABUER SAL 59,,
MITQ0447,MITSUBICHI TOURING ENT 2 TUB,4,0,4,,MITQ0447,MITSUBICHI TOURING ENT 2 TUB,,4,,MITQ0447,MITSUBICHI TOURING ENT 2 TUB,,
FOTQ0448,FORD FIESTA POWER AUT ,2,0,2,,FOTQ0448,FORD FIESTA POWER AUT ,,2,,FOTQ0448,FORD FIESTA POWER AUT ,,
FOTQ0449,FORD EXPLORER 2011-20018 ENT,1,0,1,,FOTQ0449,FORD EXPLORER 2011-20018 ENT,,1,,FOTQ0449,FORD EXPLORER 2011-20018 ENT,,
FOTQ0450,FORD EXPLORER 2011 -2018 SAL,1,0,1,,FOTQ0450,FORD EXPLORER 2011 -2018 SAL,,1,,FOTQ0450,FORD EXPLORER 2011 -2018 SAL,,
DOTQ0451,DOGE DURANGO ENT,2,0,2,,DOTQ0451,DOGE DURANGO ENT,,2,,DOTQ0451,DOGE DURANGO ENT,,
NITQ0452,NISSAN PATROL ENT,1,0,1,,NITQ0452,NISSAN PATROL ENT,,1,,NITQ0452,NISSAN PATROL ENT,,
PETQ0453,PEGEOUT 408,1,0,1,,PETQ0453,PEGEOUT 408,,1,,PETQ0453,PEGEOUT 408,,
CHTQ0454,CHEVROLET SILVERADO ANCHO,2,0,2,,CHTQ0454,CHEVROLET SILVERADO ANCHO,,2,,CHTQ0454,CHEVROLET SILVERADO ANCHO,,
TOTQ0455,TOYOTA CAMRY SUPERIOR,2,0,2,,TOTQ0455,TOYOTA CAMRY SUPERIOR,,2,,TOTQ0455,TOYOTA CAMRY SUPERIOR,,
TOTQ0456,TOYOTA MONTERO MACHITO 4.0ENT,2,0,2,,TOTQ0456,TOYOTA MONTERO MACHITO 4.0ENT,,2,,TOTQ0456,TOYOTA MONTERO MACHITO 4.0ENT,,
TOTQ0457,TOYOTA CAMRY SUP DE 79,1,0,1,,TOTQ0457,TOYOTA CAMRY SUP DE 79,,1,,TOTQ0457,TOYOTA CAMRY SUP DE 79,,
TOTQ0458,TOYOTA STARLET FINO ENT ,2,0,2,,TOTQ0458,TOYOTA STARLET FINO ENT ,,2,,TOTQ0458,TOYOTA STARLET FINO ENT ,,
TOTQ0459,TOYOTA HILUX SAL VIEJA,2,0,2,,TOTQ0459,TOYOTA HILUX SAL VIEJA,,2,,TOTQ0459,TOYOTA HILUX SAL VIEJA,,
CITQ0460,CITROEN CP ENT ,5,0,5,,CITQ0460,CITROEN CP ENT ,,5,,CITQ0460,CITROEN CP ENT ,,
MITQ0461,MITSUBICHI MONTERO LIMITED ENT,3,0,3,,MITQ0461,MITSUBICHI MONTERO LIMITED ENT,,3,,MITQ0461,MITSUBICHI MONTERO LIMITED ENT,,
FOTQ0462,FORD KK SALIDA,1,0,1,,FOTQ0462,FORD KK SALIDA,,1,,FOTQ0462,FORD KK SALIDA,,
CHTQ0463,CHEVROLET TAHOE ENT,3,0,3,,CHTQ0463,CHEVROLET TAHOE ENT,,3,,CHTQ0463,CHEVROLET TAHOE ENT,,
,,,,,,,#N/D,,,,,,,
,,0,0,0,,,,,,,,#N/D,,
,,0,0,0,,,#N/D,,,,,#N/D,,
,,0,0,0,,,#N/D,,,,,#N/D,,
,,0,0,0,,,#N/D,,,,,#N/D,,
,,0,0,0,,,#N/D,,,,,#N/D,,
,,0,0,0,,,#N/D,,,,,#N/D,,
,,0,0,0,,,#N/D,,,,,#N/D,,
,,0,0,0,,,#N/D,,,,,#N/D,,
,,0,0,0,,,#N/D,,,,,#N/D,,
,,0,0,0,,,#N/D,,,,,#N/D,,
,,0,0,0,,,#N/D,,,,,#N/D,,
,,0,0,0,,,#N/D,,,,,#N/D,,
,,0,0,0,,,#N/D,,,,,#N/D,,
,,0,0,0,,,#N/D,,,,,#N/D,,
,,0,0,0,,,#N/D,,,,,#N/D,,
,,0,0,0,,,#N/D,,,,,#N/D,,
,,0,0,0,,,#N/D,,,,,#N/D,,
,,0,0,0,,,#N/D,,,,,#N/D,,
,,0,0,0,,,#N/D,,,,,#N/D,,
,,0,0,0,,,#N/D,,,,,#N/D,,
,,0,0,0,,,#N/D,,,,,#N/D,,
,,0,0,0,,,#N/D,,,,,#N/D,,
,,0,0,0,,,#N/D,,,,,#N/D,,
,,0,0,0,,,#N/D,,,,,#N/D,,
,,0,0,0,,,#N/D,,,,,#N/D,,
,,0,0,0,,,#N/D,,,,,#N/D,,
,,0,0,0,,,#N/D,,,,,#N/D,,
,,0,0,0,,,#N/D,,,,,#N/D,,
,,0,0,0,,,#N/D,,,,,#N/D,,
,,0,0,0,,,#N/D,,,,,#N/D,,
,,0,0,0,,,#N/D,,,,,#N/D,,
,,0,0,0,,,#N/D,,,,,#N/D,,
,,0,0,0,,,#N/D,,,,,#N/D,,
,,0,0,0,,,#N/D,,,,,#N/D,,
,,0,0,0,,,#N/D,,,,,#N/D,,
,,0,0,0,,,#N/D,,,,,#N/D,,
,,0,0,0,,,#N/D,,,,,#N/D,,
,,0,0,0,,,#N/D,,,,,#N/D,,
,,0,0,0,,,#N/D,,,,,#N/D,,
,,0,0,0,,,#N/D,,,,,#N/D,,
,,0,0,0,,,#N/D,,,,,#N/D,,
,,0,0,0,,,#N/D,,,,,#N/D,,
,,0,0,0,,,#N/D,,,,,#N/D,,
,,0,0,0,,,#N/D,,,,,#N/D,,
,,0,0,0,,,#N/D,,,,,#N/D,,
,,0,0,0,,,#N/D,,,,,#N/D,,
,,0,0,0,,,#N/D,,,,,#N/D,,
,,0,0,0,,,#N/D,,,,,#N/D,,
,,0,0,0,,,#N/D,,,,,#N/D,,
,,0,0,0,,,#N/D,,,,,#N/D,,
,,0,0,0,,,#N/D,,,,,#N/D,,
,,0,0,0,,,#N/D,,,,,#N/D,,
,,0,0,0,,,#N/D,,,,,#N/D,,
,,0,0,0,,,#N/D,,,,,#N/D,,
,,0,0,0,,,#N/D,,,,,#N/D,,
,,0,0,0,,,#N/D,,,,,#N/D,,
,,0,0,0,,,#N/D,,,,,#N/D,,
,,0,0,0,,,#N/D,,,,,#N/D,,
,,0,0,0,,,#N/D,,,,,#N/D,,
,,0,0,0,,,#N/D,,,,,#N/D,,
,,0,0,0,,,#N/D,,,,,#N/D,,
,,0,0,0,,,#N/D,,,,,#N/D,,
,,0,0,0,,,#N/D,,,,,#N/D,,
,,0,0,0,,,#N/D,,,,,#N/D,,
,,0,0,0,,,#N/D,,,,,#N/D,,
,,0,0,0,,,#N/D,,,,,#N/D,,
,,0,0,0,,,#N/D,,,,,#N/D,,
,,0,0,0,,,#N/D,,,,,#N/D,,
,,0,0,0,,,#N/D,,,,,#N/D,,
,,0,0,0,,,#N/D,,,,,#N/D,,
,,0,0,0,,,#N/D,,,,,#N/D,,
,,0,0,0,,,#N/D,,,,,#N/D,,
,,0,0,0,,,#N/D,,,,,#N/D,,
,,0,0,0,,,#N/D,,,,,#N/D,,
,,0,0,0,,,#N/D,,,,,#N/D,,
,,0,0,0,,,#N/D,,,,,#N/D,,
,,0,0,0,,,#N/D,,,,,#N/D,,
,,0,0,0,,,#N/D,,,,,#N/D,,
,,0,0,0,,,#N/D,,,,,#N/D,,
,,0,0,0,,,#N/D,,,,,#N/D,,
,,0,0,0,,,#N/D,,,,,#N/D,,
